"","V1","V2","V3","V4","V5","V6","V7","V8","V9","V10","V11","V12","V13","V14","V15","V16","V17","V18","V19","V20","V21"
"1",1,0,0,0,0,0,0,0,0,NA,NA,NA,NA,NA,NA,NA,NA,NA,NA,NA,NA
"2",74,154.537627875485,151.64728395689,75.3672453113105,74.138556515915,132.743298708891,130.671294390893,52.1294383609901,51.9197840114921,NA,NA,NA,NA,NA,NA,NA,NA,NA,NA,NA,NA
"3",147,277.250041833429,275.829405890725,143.4167941671,142.345611747088,243.173765448363,241.902201139393,101.9413316855,101.570310854698,NA,NA,NA,NA,NA,NA,NA,NA,NA,NA,NA,NA
"4",220,375.544218680521,378.020745060609,205.021349675763,205.139749087886,335.570003238952,336.888684332124,149.540968421138,149.050840855083,NA,NA,NA,NA,NA,NA,NA,NA,NA,NA,NA,NA
"5",293,455.039948330569,462.568579566014,260.938959082666,262.991651644142,413.35439684566,418.274940929941,195.028488459629,194.45614098156,NA,NA,NA,NA,NA,NA,NA,NA,NA,NA,NA,NA
"6",366,520.03118743616,532.942047988376,311.829589029532,316.328949992792,479.27767111082,488.267933745159,238.499529671314,237.87694300863,NA,NA,NA,NA,NA,NA,NA,NA,NA,NA,NA,NA
"7",439,573.790842038585,591.905460165269,358.267959092337,365.540322457851,535.548139058474,548.701472103915,280.045220989916,279.400000396847,NA,NA,NA,NA,NA,NA,NA,NA,NA,NA,NA,NA
"8",512,618.818897206543,641.663823325893,400.754981708174,410.979040170239,583.940315716625,601.10178454362,319.752449693029,319.108265141372,NA,NA,NA,NA,NA,NA,NA,NA,NA,NA,NA,NA
"9",585,657.025963479209,683.976730991364,439.727942260577,452.966213067334,625.881568538019,646.739405785135,357.704070767824,357.081073073075,NA,NA,NA,NA,NA,NA,NA,NA,NA,NA,NA,NA
"10",658,689.870128998567,720.249090923783,475.568565177768,491.794079782774,662.520473496027,686.672815225383,393.979100771108,393.394287938891,NA,NA,NA,NA,NA,NA,NA,NA,NA,NA,NA,NA
"11",731,718.475279483439,751.604259957999,508.610691528375,527.728461229455,694.78321420214,721.784406856488,428.652898903804,428.120455934381,NA,NA,NA,NA,NA,NA,NA,NA,NA,NA,NA,NA
"12",804,743.69753809213,778.940242410178,539.146570760987,561.011207117666,723.416300016637,752.810053408304,461.797345125704,461.328951722711,NA,NA,NA,NA,NA,NA,NA,NA,NA,NA,NA,NA
"13",877,766.197198472523,802.975826330058,567.432383926958,591.86252235234,749.023059264446,780.363986778834,493.481002821024,493.086113924835,NA,NA,NA,NA,NA,NA,NA,NA,NA,NA,NA,NA
"14",950,786.48296814738,824.287500020428,593.692982813283,620.482955225093,772.091498915098,804.959454792199,523.769289271443,523.45538435944,NA,NA,NA,NA,NA,NA,NA,NA,NA,NA,NA,NA
"15",1023,804.947943014563,843.338152262285,618.12604822274,647.055219493504,793.017426520043,827.025661001095,552.724618514305,552.497432993171,NA,NA,NA,NA,NA,NA,NA,NA,NA,NA,NA,NA
"16",1096,821.897343022314,860.499941743275,640.905646272268,671.745838647781,812.122413416554,846.921880160704,580.406540670703,580.270274386125,NA,NA,NA,NA,NA,NA,NA,NA,NA,NA,NA,NA
"17",1169,837.568645904611,876.072835052406,662.185299034403,694.70664657113,829.668438700148,864.949287580244,606.871882435245,606.829386375081,NA,NA,NA,NA,NA,NA,NA,NA,NA,NA,NA,NA
"18",1242,852.148070629375,890.299158666028,682.100657166976,716.076143998351,845.869602486536,881.360754540944,632.174875869977,632.227821784252,NA,NA,NA,NA,NA,NA,NA,NA,NA,NA,NA,NA
"19",1315,865.782531628569,903.375255412025,700.771809817694,735.980722893755,860.901458737248,896.368905877455,656.367280849672,656.516314121134,NA,NA,NA,NA,NA,NA,NA,NA,NA,NA,NA,NA
"20",1388,878.588684944594,915.460720979464,718.30528368559,754.535776805853,874.90854135773,910.152849159839,679.498501344894,679.743378818363,NA,NA,NA,NA,NA,NA,NA,NA,NA,NA,NA,NA
"21",1461,890.659996671483,926.685717967322,734.795774814999,771.846708243884,888.010370546121,922.863771072936,701.615696363625,701.955410237819,NA,NA,NA,NA,NA,NA,NA,NA,NA,NA,NA,NA
"22",1534,902.072086526644,937.156911148757,750.327648499611,788.00984087846,900.306280913298,934.629580045103,722.763885402362,723.196774511098,NA,NA,NA,NA,NA,NA,NA,NA,NA,NA,NA,NA
"23",1607,912.88679755094,946.962156116606,764.976239276769,803.113246581285,911.879290099289,945.558763584327,742.986048579561,743.509898219282,NA,NA,NA,NA,NA,NA,NA,NA,NA,NA,NA,NA
"24",1680,923.155307981626,956.174195897682,778.808978031673,817.237494427221,922.799199950596,955.743593485335,762.323221858404,762.935353162195,NA,NA,NA,NA,NA,NA,NA,NA,NA,NA,NA,NA
"25",1753,932.920501119776,964.853620964135,791.886369579801,830.456329990827,933.12509105692,965.262789481268,780.814587677549,781.511937460688,NA,NA,NA,NA,NA,NA,NA,NA,NA,NA,NA,NA
"26",1826,942.21877999258,973.051242205574,804.262841045166,842.837291034419,942.907321841727,974.183733771512,798.497561166792,799.276753120927,NA,NA,NA,NA,NA,NA,NA,NA,NA,NA,NA,NA
"27",1899,951.081454196104,980.809978724928,815.987478468443,854.442265979427,952.189136624607,982.564312431402,815.40787218013,816.265280197072,NA,NA,NA,NA,NA,NA,NA,NA,NA,NA,NA,NA
"28",1972,959.53580192208,988.166364223648,827.104666758266,865.328000281316,961.007958776578,990.454447149307,831.579643345269,832.511447708827,NA,NA,NA,NA,NA,NA,NA,NA,NA,NA,NA,NA
"29",2045,967.605885619164,995.151749930105,837.654646028543,875.546555747004,969.396430552401,997.89736986475,847.045464357109,848.047701458893,NA,NA,NA,NA,NA,NA,NA,NA,NA,NA,NA,NA
"30",2118,975.313178230536,1001.79326597296,847.673995582583,885.145727252539,977.383251489008,1004.93068387328,861.83646269386,862.905068884065,NA,NA,NA,NA,NA,NA,NA,NA,NA,NA,NA,NA
"31",2191,982.677046439266,1008.11459038251,857.196055280525,894.169420877291,984.993854234063,1011.58724763772,875.982370945371,877.11322107164,NA,NA,NA,NA,NA,NA,NA,NA,NA,NA,NA,NA
"32",2264,989.715124410332,1014.13656489746,866.251292697349,902.657997096777,992.250950338465,1017.89591133141,889.511590919114,890.700532063841,NA,NA,NA,NA,NA,NA,NA,NA,NA,NA,NA,NA
"33",2337,996.443602311701,1019.87768871724,874.867623337323,910.648582329618,999.174971898001,1023.88213104772,902.451254687113,903.694135567836,NA,NA,NA,NA,NA,NA,NA,NA,NA,NA,NA,NA
"34",2410,1002.87745285897,1025.35451498211,883.070690183691,918.175351820165,1005.78442933158,1029.56848137674,914.827282728418,916.119979185941,NA,NA,NA,NA,NA,NA,NA,NA,NA,NA,NA,NA
"35",2483,1009.03060860158,1030.58196977234,890.88410800939,925.269786554673,1012.09620202347,1034.97508352103,926.66443931203,928.002876274381,NA,NA,NA,NA,NA,NA,NA,NA,NA,NA,NA,NA
"36",2556,1014.91610094748,1035.5736092216,898.329677138868,931.960906652235,1018.12577503481,1040.11996321154,937.986385258443,939.366555534219,NA,NA,NA,NA,NA,NA,NA,NA,NA,NA,NA,NA
"37",2629,1020.54617132714,1040.34182728278,905.427570715143,938.275483439582,1023.88743245551,1045.01935025919,948.815728209469,950.233708433687,NA,NA,NA,NA,NA,NA,NA,NA,NA,NA,NA,NA
"38",2702,1025.93236002605,1044.89802418805,912.196498977242,944.238232208949,1029.39441544679,1049.68792956766,959.174070530214,960.626034556751,NA,NA,NA,NA,NA,NA,NA,NA,NA,NA,NA,NA
"39",2775,1031.08557802849,1049.2527433874,918.653853578892,949.871987468323,1034.65905276745,1054.13905176569,969.082054959889,970.56428496862,NA,NA,NA,NA,NA,NA,NA,NA,NA,NA,NA,NA
"40",2848,1036.01616593955,1053.41578334174,924.81583457002,955.197862321674,1039.6928684597,1058.38491023226,978.559408122299,980.068303684928,NA,NA,NA,NA,NA,NA,NA,NA,NA,NA,NA,NA
"41",2921,1040.73394268152,1057.39628920115,930.697562307212,960.235393461441,1044.50667112083,1062.43669013924,987.624982001086,989.157067327537,NA,NA,NA,NA,NA,NA,NA,NA,NA,NA,NA,NA
"42",2994,1045.24824632695,1061.20282831956,936.313176263172,965.002673115033,1049.11062855882,1066.304694183,996.296793479221,997.848723046265,NA,NA,NA,NA,NA,NA,NA,NA,NA,NA,NA,NA
"43",3067,1049.56796877025,1064.84345284088,941.675922430065,969.516469160016,1053.51433043528,1069.99844888472,1004.59206203713,1006.16062478238,NA,NA,NA,NA,NA,NA,NA,NA,NA,NA,NA,NA
"44",3140,1053.70158556597,1068.32575187192,946.798230735497,973.792334507695,1057.72684121869,1073.52679468289,1012.52724569896,1014.10936794641,NA,NA,NA,NA,NA,NA,NA,NA,NA,NA,NA,NA
"45",3213,1057.65718210711,1071.65689527062,951.691783850654,977.844706750796,1061.75674527203,1076.89796249583,1020.11807531188,1021.71082257956,NA,NA,NA,NA,NA,NA,NA,NA,NA,NA,NA,NA
"46",3286,1061.44247637056,1074.84367067331,956.367578415912,981.686998976856,1065.61218550495,1080.11963898015,1027.37958723897,1028.98016506514,NA,NA,NA,NA,NA,NA,NA,NA,NA,NA,NA,NA
"47",3359,1065.06483948197,1077.89251504114,960.835979646758,985.331682563812,1069.30089677552,1083.19902233514,1034.32615454219,1035.93190845334,NA,NA,NA,NA,NA,NA,NA,NA,NA,NA,NA,NA
"48",3432,1068.53131422151,1080.80954176172,965.106770167269,988.790362697285,1072.83023498105,1086.14287019143,1040.97151672785,1042.57993146006,NA,NA,NA,NA,NA,NA,NA,NA,NA,NA,NA,NA
"49",3505,1071.84863183794,1083.60056413199,969.189193774516,992.07384727934,1076.20720259478,1088.95754086339,1047.32880812362,1048.93750619772,NA,NA,NA,NA,NA,NA,NA,NA,NA,NA,NA,NA
"50",3578,1075.02322752927,1086.27111586402,973.091994763556,995.19220983549,1079.43847126233,1091.64902902992,1053.41058495231,1055.01732469359,NA,NA,NA,NA,NA,NA,NA,NA,NA,NA,NA,NA
"51",3651,1078.06125474788,1088.8264691534,976.823453352982,998.154846969646,1082.53040195099,1094.22299672967,1059.22885116468,1060.83152424857,NA,NA,NA,NA,NA,NA,NA,NA,NA,NA,NA,NA
"52",3724,1080.96859851265,1091.27165074906,980.391417679959,1000.97053086508,1085.48906305134,1096.68480040881,1064.79508309012,1066.39171168721,NA,NA,NA,NA,NA,NA,NA,NA,NA,NA,NA,NA
"53",3797,1083.75088786551,1093.6114563381,983.80333277349,1003.64745728277,1088.32024675311,1099.03951463606,1070.12025296136,1071.70898654738,NA,NA,NA,NA,NA,NA,NA,NA,NA,NA,NA,NA
"54",3870,1086.41350757316,1095.85046352504,987.06626686075,1006.19328946623,1091.02948395311,1101.29195299782,1075.21485136637,1076.79396325611,NA,NA,NA,NA,NA,NA,NA,NA,NA,NA,NA,NA
"55",3943,1088.96160915946,1097.99304363604,990.186935315487,1008.61519832355,1093.62205793238,1103.44668660106,1080.08890867818,1081.6567923357,NA,NA,NA,NA,NA,NA,NA,NA,NA,NA,NA,NA
"56",4016,1091.40012133752,1100.04337251658,993.171722517627,1010.91989922291,1096.10301698543,1105.50806054106,1084.7520155105,1086.30718068275,NA,NA,NA,NA,NA,NA,NA,NA,NA,NA,NA,NA
"57",4089,1093.73375990107,1102.0054404712,996.026701858681,1013.11368570635,1098.47718603826,1107.48020863275,1089.21334224517,1090.75441096049,NA,NA,NA,NA,NA,NA,NA,NA,NA,NA,NA,NA
"58",4162,1095.96703711843,1103.8830614624,998.757654097707,1015.20246039818,1100.74917752009,1109.36706665513,1093.48165767463,1095.00736014328,NA,NA,NA,NA,NA,NA,NA,NA,NA,NA,NA,NA
"59",4235,1098.10427063491,1105.67988166496,1001.37008424663,1017.19176335884,1102.92340149926,1111.17238431924,1097.56534680101,1099.07451725026,NA,NA,NA,NA,NA,NA,NA,NA,NA,NA,NA,NA
"60",4308,1100.14959199427,1107.39938745091,1003.86923714137,1019.08679811158,1105.00407518384,1112.8997361323,1101.47242783094,1102.96400030371,NA,NA,NA,NA,NA,NA,NA,NA,NA,NA,NA,NA
"61",4381,1102.10695475112,1109.04491287418,1006.26011183557,1020.89245554847,1106.99523185703,1114.55253130516,1105.21056840374,1106.68357254601,NA,NA,NA,NA,NA,NA,NA,NA,NA,NA,NA,NA
"62",4454,1103.98014219289,1110.61964671722,1008.54747493722,1022.61333590294,1108.9007292992,1116.13402283452,1108.78710108837,1110.24065794748,NA,NA,NA,NA,NA,NA,NA,NA,NA,NA,NA,NA
"63",4527,1105.77277472565,1112.12663912665,1010.73587299328,1024.25376895893,1110.72425775032,1117.64731585628,1112.20903818318,1113.64235603634,NA,NA,NA,NA,NA,NA,NA,NA,NA,NA,NA,NA
"64",4600,1107.48831692058,1113.56880787825,1012.82964401514,1025.8178326511,1112.46934744643,1119.09537536071,1115.48308585056,1116.89545608025,NA,NA,NA,NA,NA,NA,NA,NA,NA,NA,NA,NA
"65",4673,1109.13008425012,1114.94894431745,1014.83292822653,1027.3093701962,1114.13937573635,1120.48103334569,1118.61565761735,1120.00645064783,NA,NA,NA,NA,NA,NA,NA,NA,NA,NA,NA,NA
"66",4746,1110.70124953335,1116.26971899215,1016.7496781058,1028.73200588302,1115.73757388975,1121.80699547008,1121.61288727008,1122.98154857733,NA,NA,NA,NA,NA,NA,NA,NA,NA,NA,NA,NA
"67",4819,1112.20484908322,1117.53368700215,1018.58366778619,1030.08915963658,1117.26703354993,1123.07584726203,1124.4806411729,1125.82668737831,NA,NA,NA,NA,NA,NA,NA,NA,NA,NA,NA,NA
"68",4892,1113.64378859407,1118.74329308827,1020.33850187053,1031.38406046192,1118.73071287061,1124.29005992831,1127.22453003473,1128.54754509115,NA,NA,NA,NA,NA,NA,NA,NA,NA,NA,NA,NA
"69",4965,1115.02084876956,1119.90087647646,1022.01762371025,1032.61975886283,1120.13144235334,1125.45199580433,1129.84992015086,1131.14955162808,NA,NA,NA,NA,NA,NA,NA,NA,NA,NA,NA,NA
"70",5038,1116.33869070622,1121.00867549366,1023.62432319315,1033.7991383227,1121.47193043113,1126.56391347885,1132.36194414294,1133.63789961842,NA,NA,NA,NA,NA,NA,NA,NA,NA,NA,NA,NA
"71",5111,1117.59986104378,1122.06883196913,1025.16174407965,1034.92492592648,1122.75476879173,1127.62797262296,1134.76551122039,1136.0175547797,NA,NA,NA,NA,NA,NA,NA,NA,NA,NA,NA,NA
"72",5184,1118.8067968922,1123.08339543375,1026.63289092278,1035.99970219579,1123.98243745068,1128.64623854878,1137.06531698491,1138.2932658354,NA,NA,NA,NA,NA,NA,NA,NA,NA,NA,NA,NA
"73",5257,1119.9618305474,1124.05432712862,1028.04063560356,1037.02591020266,1125.1573095955,1129.62068652024,1139.265852799,1140.46957399911,NA,NA,NA,NA,NA,NA,NA,NA,NA,NA,NA,NA
"74",5330,1121.06719400374,1124.98350383315,1029.38772351041,1038.00586402148,1126.28165621639,1130.55320583529,1141.3714147382,1142.55082204409,NA,NA,NA,NA,NA,NA,NA,NA,NA,NA,NA,NA
"75",5403,1122.12502325885,1125.87272152217,1030.67677938784,1038.94175657378,1127.35765052958,1131.44560369714,1143.38611214594,1144.54116297637,NA,NA,NA,NA,NA,NA,NA,NA,NA,NA,NA,NA
"76",5476,1123.13736244981,1126.72369886063,1031.9103128778,1039.83566691498,1128.38737220462,1132.29960888855,1145.31387580911,1146.44456832867,NA,NA,NA,NA,NA,NA,NA,NA,NA,NA,NA,NA
"77",5549,1124.10616780704,1127.53808054399,1033.0907237744,1040.68956700859,1129.37281140549,1133.11687526253,1147.15846577127,1148.26483609179,NA,NA,NA,NA,NA,NA,NA,NA,NA,NA,NA,NA
"78",5622,1125.03331143292,1128.31744049171,1034.22030701095,1041.50532802888,1130.31587265417,1133.89898506751,1148.92347880016,1150.00559829927,NA,NA,NA,NA,NA,NA,NA,NA,NA,NA,NA,NA
"79",5695,1125.92058492149,1129.06328490117,1035.30125739657,1042.28472622955,1131.21837852526,1134.64745210956,1150.6123555248,1151.67032828049,NA,NA,NA,NA,NA,NA,NA,NA,NA,NA,NA,NA
"80",5768,1126.76970282079,1129.77705516952,1036.33567411804,1043.02944841288,1132.08207317929,1135.36372476165,1152.22838725731,1153.26234759676,NA,NA,NA,NA,NA,NA,NA,NA,NA,NA,NA,NA
"81",5841,1127.58230594643,1130.46013068426,1037.32556502118,1043.74109703043,1132.9086257423,1136.04918883527,1153.77472251344,1154.78483267413,NA,NA,NA,NA,NA,NA,NA,NA,NA,NA,NA,NA
"82",5914,1128.3599645527,1131.11383149214,1038.27285068503,1044.42119494413,1133.69963353853,1136.70517031771,1155.25437324544,1156.24082114634,NA,NA,NA,NA,NA,NA,NA,NA,NA,NA,NA,NA
"83",5987,1129.10418136718,1131.73942085856,1039.17936830082,1045.07118987378,1134.45662518294,1137.33293798373,1156.67022080018,1157.63321792047,NA,NA,NA,NA,NA,NA,NA,NA,NA,NA,NA,NA
"84",6060,1129.8163944948,1132.33810771305,1040.04687536683,1045.69245855495,1135.18106353979,1137.93370588854,1158.02502161476,1158.96480097745,NA,NA,NA,NA,NA,NA,NA,NA,NA,NA,NA,NA
"85",6133,1130.49798019694,1132.911048987,1040.87705320953,1046.28631062912,1135.87434855316,1138.50863574782,1159.32141266141,1160.23822691903,NA,NA,NA,NA,NA,NA,NA,NA,NA,NA,NA,NA
"86",6206,1131.15025555094,1133.45935185245,1041.67151034038,1046.85399228622,1136.53781995523,1139.0588392123,1160.56191665287,1161.45603627231,NA,NA,NA,NA,NA,NA,NA,NA,NA,NA,NA,NA
"87",6279,1131.77448099547,1133.9840758633,1042.43178565719,1047.39668967774,1137.1727598575,1139.58538003824,1161.74894701896,1162.62065856233,NA,NA,NA,NA,NA,NA,NA,NA,NA,NA,NA,NA
"88",6352,1132.37186276619,1134.48623500429,1043.15935149828,1047.91553211748,1137.78039523017,1140.08927615864,1162.88481266451,1163.73441716305,NA,NA,NA,NA,NA,NA,NA,NA,NA,NA,NA,NA
"89",6425,1132.94355522661,1134.96679965167,1043.85561655696,1048.41159508521,1138.36190027493,1140.5715016706,1163.97172251841,1164.79953393619,NA,NA,NA,NA,NA,NA,NA,NA,NA,NA,NA,NA
"90",6498,1133.49066309885,1135.42669844927,1044.52192866353,1048.88590304745,1138.918398695,1141.0329887309,1165.01178988306,1165.81813366736,NA,NA,NA,NA,NA,NA,NA,NA,NA,NA,NA,NA
"91",6571,1134.01424359836,1135.86682010383,1045.15957744157,1049.33943210846,1139.45096586752,1141.47462936742,1166.00703659316,1166.79224830828,NA,NA,NA,NA,NA,NA,NA,NA,NA,NA,NA,NA
"92",6644,1134.51530847694,1136.28801510283,1045.76979684458,1049.7731125033,1139.96063092242,1141.89727721262,1166.95939699219,1167.72382103362,NA,NA,NA,NA,NA,NA,NA,NA,NA,NA,NA,NA
"93",6717,1134.99482597778,1136.69109735854,1046.35376757899,1050.18783094407,1140.44837873167,1142.30174916054,1167.8707217348,1168.61471012043,NA,NA,NA,NA,NA,NA,NA,NA,NA,NA,NA,NA
"94",6790,1135.45372270651,1137.07684578119,1046.91261941899,1050.58443282929,1140.91515181299,1142.68882695169,1168.74278142265,1169.46669265809,NA,NA,NA,NA,NA,NA,NA,NA,NA,NA,NA,NA
"95",6863,1135.89288542175,1137.44600578443,1047.44743341841,1050.96372432595,1141.36185215148,1143.05925868894,1169.57727008135,1170.28146809609,NA,NA,NA,NA,NA,NA,NA,NA,NA,NA,NA,NA
"96",6936,1136.31316274869,1137.79929072593,1047.95924402451,1051.32647433269,1141.78934294297,1143.41376028749,1170.37580848522,1171.06066163672,NA,NA,NA,NA,NA,NA,NA,NA,NA,NA,NA,NA
"97",7009,1136.71536681891,1138.13738328609,1048.44904109831,1051.673416332,1142.19845026228,1143.75301686197,1171.13994733683,1171.80582747951,NA,NA,NA,NA,NA,NA,NA,NA,NA,NA,NA,NA
"98",7082,1137.10027483974,1138.46093678742,1048.91777184586,1052.00525013892,1142.58996465972,1144.07768405325,1171.87117030761,1172.51845192383,NA,NA,NA,NA,NA,NA,NA,NA,NA,NA,NA,NA
"99",7155,1137.46863059614,1138.77057645707,1049.36634266454,1052.32264355277,1142.96464268885,1144.38838929792,1172.57089694577,1173.19995633596,NA,NA,NA,NA,NA,NA,NA,NA,NA,NA,NA,NA
"100",7228,1137.82114588794,1139.06690063514,1049.79562090834,1052.62623391842,1143.32320836862,1144.68573304287,1173.2404854572,1173.85169998637,NA,NA,NA,NA,NA,NA,NA,NA,NA,NA,NA,NA
"101",7301,1138.15850190532,1139.35048193092,1050.20643657574,1052.91662960256,1143.66635458251,1144.97028990726,1173.88123536521,1174.47498276311,NA,NA,NA,NA,NA,NA,NA,NA,NA,NA,NA,NA
"102",7374,1138.48135054513,1139.62186832952,1050.59958392388,1053.19441139054,1143.99474441754,1145.24260979428,1174.49439005418,1175.07104776654,NA,NA,NA,NA,NA,NA,NA,NA,NA,NA,NA,NA
"103",7447,1138.79031567056,1139.88158425076,1050.97582301223,1053.46013380871,1144.30901244565,1145.50321895497,1175.08113920239,1175.6410837907,NA,NA,NA,NA,NA,NA,NA,NA,NA,NA,NA,NA
"104",7520,1139.08599431674,1140.13013156265,1051.33588117902,1053.71432637684,1144.60976595,1145.75262100613,1175.64262110891,1176.18622769618,NA,NA,NA,NA,NA,NA,NA,NA,NA,NA,NA,NA
"105",7593,1139.36895784437,1140.36799055117,1051.68045445326,1053.95749479483,1144.89758609851,1145.9912979043,1176.17992491909,1176.70756667939,NA,NA,NA,NA,NA,NA,NA,NA,NA,NA,NA,NA
"106",7666,1139.63975304383,1140.59562084839,1052.01020890541,1054.19012206768,1145.17302906693,1146.21971087773,1176.6940927532,1177.20614044251,NA,NA,NA,NA,NA,NA,NA,NA,NA,NA,NA,NA
"107",7739,1139.89890319179,1140.8134623207,1052.32578193939,1054.41266957246,1145.43662711357,1146.43830131827,1177.18612174245,1177.68294326874,NA,NA,NA,NA,NA,NA,NA,NA,NA,NA,NA,NA
"108",7812,1140.14690906236,1141.02193591877,1052.62778352854,1054.62557807064,1145.6888896079,1146.64749163469,1177.65696597645,1178.13892600681,NA,NA,NA,NA,NA,NA,NA,NA,NA,NA,NA,NA
"109",7885,1140.38424989478,1141.22144449105,1052.91679739799,1054.829268669,1145.93030401482,1146.84768606937,1178.10753836595,1178.57499796871,NA,NA,NA,NA,NA,NA,NA,NA,NA,NA,NA,NA
"110",7958,1140.61138431947,1141.41237356216,1053.19338215581,1055.02414373208,1146.16133683665,1147.03927147976,1178.53871242466,1178.99202874458,NA,NA,NA,NA,NA,NA,NA,NA,NA,NA,NA,NA
"111",8031,1140.82875124431,1141.59509207793,1053.45807237516,1055.21058774892,1146.38243451459,1147.22261808616,1178.95132397363,1179.39084993821,NA,NA,NA,NA,NA,NA,NA,NA,NA,NA,NA,NA
"112",8104,1141.03677070273,1141.76995311835,1053.71137962966,1055.38896815674,1146.59402429142,1147.39808018741,1179.34617277153,1179.77225682675,NA,NA,NA,NA,NA,NA,NA,NA,NA,NA,NA,NA
"113",8177,1141.23584466541,1141.9372945798,1053.95379348396,1055.55963612387,1146.79651503711,1147.56599684565,1179.72402407426,1180.13700994787,NA,NA,NA,NA,NA,NA,NA,NA,NA,NA,NA,NA
"114",8250,1141.42635781701,1142.09743982805,1054.18578244151,1055.72292729427,1146.9902980389,1147.72669254168,1180.08561012669,1180.48583661752,NA,NA,NA,NA,NA,NA,NA,NA,NA,NA,NA,NA
"115",8323,1141.60867829951,1142.25069832312,1054.40779485145,1055.87916249576,1147.17574775744,1147.88047780213,1180.43163158984,1180.81943238146,NA,NA,NA,NA,NA,NA,NA,NA,NA,NA,NA,NA
"116",8396,1141.78315842365,1142.39736621723,1054.62025977624,1056.02864841383,1147.35322255036,1148.02764979959,1180.76275890595,1181.13846240325,NA,NA,NA,NA,NA,NA,NA,NA,NA,NA,NA,NA
"117",8469,1141.95013534968,1142.53772692713,1054.8235878219,1056.17167823297,1147.52306536475,1148.16849292695,1181.07963360449,1181.44356279171,NA,NA,NA,NA,NA,NA,NA,NA,NA,NA,NA,NA
"118",8542,1142.10993173889,1142.67205168175,1055.01817193249,1056.30853224731,1147.68560439992,1148.30327934702,1181.38286955148,1181.73534187021,NA,NA,NA,NA,NA,NA,NA,NA,NA,NA,NA,NA
"119",8615,1142.2628563771,1142.8006000463,1055.20438815021,1056.43947844198,1147.84115374153,1148.43226951854,1181.67305414458,1182.01438139066,NA,NA,NA,NA,NA,NA,NA,NA,NA,NA,NA,NA
"120",8688,1142.40920477139,1142.92362042387,1055.38259634278,1056.56477304702,1147.99001396856,1148.55571269948,1181.95074945652,1182.28123769435,NA,NA,NA,NA,NA,NA,NA,NA,NA,NA,NA,NA
"121",8761,1142.54925972108,1143.04135053542,1055.55314089951,1056.68466106502,1148.13247273416,1148.67384742879,1182.21649332887,1182.53644282211,NA,NA,NA,NA,NA,NA,NA,NA,NA,NA,NA,NA
"122",8834,1142.68329186421,1143.15401787916,1055.71635139727,1056.79937677395,1148.26880532146,1148.78690198735,1182.47080041847,1182.7805055759,NA,NA,NA,NA,NA,NA,NA,NA,NA,NA,NA,NA
"123",8907,1142.81156020057,1143.26184017015,1055.8725432379,1056.90914420651,1148.39927517555,1148.89509483912,1182.71416319855,1183.01391253411,NA,NA,NA,NA,NA,NA,NA,NA,NA,NA,NA,NA
"124",8980,1142.93431259209,1143.36502576102,1056.022018258,1057.01417760703,1148.52413441253,1148.99863505334,1182.94705291646,1183.2371290224,NA,NA,NA,NA,NA,NA,NA,NA,NA,NA,NA,NA
"125",9053,1143.05178624188,1143.46377404456,1056.1650653126,1057.11468186725,1148.64362430672,1149.09772270854,1183.16992050996,1183.45060004218,NA,NA,NA,NA,NA,NA,NA,NA,NA,NA,NA,NA
"126",9126,1143.16420815255,1143.55827583904,1056.30196083363,1057.21085294185,1148.75797575689,1149.19254927917,1183.38319748389,1183.65475115849,NA,NA,NA,NA,NA,NA,NA,NA,NA,NA,NA,NA
"127",9199,1143.27179556491,1143.64871375696,1056.4329693643,1057.3028782449,1148.8674097324,1149.2832980056,1183.5872967488,1183.8499893491,NA,NA,NA,NA,NA,NA,NA,NA,NA,NA,NA,NA
"128",9272,1143.37475637768,1143.73526255789,1056.55834407059,1057.39093702805,1148.97213770025,1149.37014424827,1183.78261342341,1184.03670381648,NA,NA,NA,NA,NA,NA,NA,NA,NA,NA,NA,NA
"129",9345,1143.47328954931,1143.81808948617,1056.67832723061,1057.47520074144,1149.07236203368,1149.45325582652,1183.96952560228,1184.21526676435,NA,NA,NA,NA,NA,NA,NA,NA,NA,NA,NA,NA
"130",9418,1143.56758548239,1143.89735459412,1056.79315070295,1057.55583337811,1149.16827640324,1149.5327933429,1184.1483950903,1184.38603414023,NA,NA,NA,NA,NA,NA,NA,NA,NA,NA,NA,NA
"131",9491,1143.65782639162,1143.9732110513,1056.90303637486,1057.63299180279,1149.26006615103,1149.60891049351,1184.31956810544,1184.5493463456,NA,NA,NA,NA,NA,NA,NA,NA,NA,NA,NA,NA
"132",9564,1143.74418665585,1144.04580544051,1057.00819659113,1057.70682606573,1149.34790864887,1149.681754365,1184.48337595109,1184.70552891501,NA,NA,NA,NA,NA,NA,NA,NA,NA,NA,NA,NA
"133",9637,1143.82683315512,1144.11527804098,1057.10883456456,1057.77747970231,1149.43197364099,1149.75146571885,1184.64013565934,1184.85489316548,NA,NA,NA,NA,NA,NA,NA,NA,NA,NA,NA,NA
"134",9710,1143.90592559308,1144.18176309954,1057.20514476871,1057.84509001925,1149.51242357212,1149.81817926329,1184.79015060646,1184.99773681764,NA,NA,NA,NA,NA,NA,NA,NA,NA,NA,NA,NA
"135",9783,1143.98161680564,1144.24538908994,1057.29731331377,1057.90978836777,1149.58941390134,1149.88202391368,1184.93371110181,1185.13434458957,NA,NA,NA,NA,NA,NA,NA,NA,NA,NA,NA,NA
"136",9856,1144.05405305627,1144.30627896118,1057.38551830628,1057.97170040463,1149.66309340248,1149.94312304162,1185.07109495125,1185.26498876485,NA,NA,NA,NA,NA,NA,NA,NA,NA,NA,NA,NA
"137",9929,1144.12337431862,1144.36455037505,1057.46993019334,1058.03094634142,1149.73360445165,1150.00159471329,1185.20256799625,1185.38992973568,NA,NA,NA,NA,NA,NA,NA,NA,NA,NA,NA,NA
"138",10002,1144.18971454708,1144.42031593351,1057.55071209207,1058.08764118266,1149.80108330231,1150.05755191767,1185.3283846297,1185.50941652233,NA,NA,NA,NA,NA,NA,NA,NA,NA,NA,NA,NA
"139",10075,1144.25320193554,1144.47368339629,1057.62802010478,1058.14189495338,1149.86566034861,1150.11110278486,1185.44878828946,1185.62368726986,NA,NA,NA,NA,NA,NA,NA,NA,NA,NA,NA,NA
"140",10148,1144.31395916516,1144.52475588909,1057.70200362075,1058.19381291649,1149.92746037734,1150.162350795,1185.56401193058,1185.73296972319,NA,NA,NA,NA,NA,NA,NA,NA,NA,NA,NA,NA
"141",10221,1144.37210364143,1144.57363210289,1057.77280560486,1058.2434957805,1149.98660280903,1150.21139497825,1185.67427847712,1185.83748168135,NA,NA,NA,NA,NA,NA,NA,NA,NA,NA,NA,NA
"142",10294,1144.427747721,1144.62040648466,1057.84056287391,1058.29103989807,1150.0432019288,1150.25833010616,1185.77980125449,1185.93743143192,NA,NA,NA,NA,NA,NA,NA,NA,NA,NA,NA,NA
"143",10367,1144.48099892886,1144.66516941982,1057.90540636105,1058.33653745568,1150.0973671071,1150.30324687482,1185.88078440312,1186.03301816648,NA,NA,NA,NA,NA,NA,NA,NA,NA,NA,NA,NA
"144",10440,1144.53196016608,1144.70800740696,1057.96746136876,1058.38007665503,1150.14920301113,1150.34623208007,1185.97742327425,1186.12443237796,NA,NA,NA,NA,NA,NA,NA,NA,NA,NA,NA,NA
"145",10513,1144.58072990865,1144.74900322493,1058.02684781105,1058.4217418863,1150.19880980706,1150.38736878528,1186.0699048087,1186.21185624051,NA,NA,NA,NA,NA,NA,NA,NA,NA,NA,NA,NA
"146",10586,1144.62740239778,1144.78823609285,1058.08368044517,1058.4616138939,1150.24628335361,1150.42673648179,1186.15840789922,1186.2954639729,NA,NA,NA,NA,NA,NA,NA,NA,NA,NA,NA,NA
"147",10659,1144.67206782202,1144.82578182316,1058.13806909337,1058.49976993482,1150.29171538726,1150.46441124261,1186.24310373724,1186.375422186,NA,NA,NA,NA,NA,NA,NA,NA,NA,NA,NA,NA
"148",10732,1144.7148124915,1144.86171296811,1058.19011885513,1058.53628393004,1150.33519369952,1150.50046586933,1186.3241561447,1186.45189021504,NA,NA,NA,NA,NA,NA,NA,NA,NA,NA,NA,NA
"149",10805,1144.75571900478,1144.89609896,1058.23993031031,1058.57122660934,1150.37680230661,1150.53497003285,1186.40172189149,1186.52502043741,NA,NA,NA,NA,NA,NA,NA,NA,NA,NA,NA,NA
"150",10878,1144.79486640839,1144.92900624529,1058.28759971342,1058.60466564971,1150.41662161178,1150.56799040801,1186.47595099927,1186.59495857654,NA,NA,NA,NA,NA,NA,NA,NA,NA,NA,NA,NA
"151",10951,1144.83233034962,1144.96049841307,1058.33321917974,1058.63666580769,1150.45472856067,1150.59959080241,1186.5469870321,1186.66184399254,NA,NA,NA,NA,NA,NA,NA,NA,NA,NA,NA,NA
"152",11024,1144.86818322269,1144.99063631786,1058.37687686323,1058.66728904594,1150.49119679003,1150.62983227973,1186.61496737464,1186.72580996012,NA,NA,NA,NA,NA,NA,NA,NA,NA,NA,NA,NA
"153",11097,1144.90249430863,1145.01947819726,1058.41865712694,1058.69659465425,1150.52609677,1150.65877327771,1186.68002349828,1186.78698393437,NA,NA,NA,NA,NA,NA,NA,NA,NA,NA,NA,NA
"154",11170,1144.93532990917,1145.04707978447,1058.45864070601,1058.72463936529,1150.55949594025,1150.68646972107,1186.74228121582,1186.8454878049,NA,NA,NA,NA,NA,NA,NA,NA,NA,NA,NA,NA
"155",11243,1144.96675347486,1145.07349441599,1058.49690486371,1058.75147746531,1150.59145884038,1150.71297512962,1186.80186092517,1186.90143813898,NA,NA,NA,NA,NA,NA,NA,NA,NA,NA,NA,NA
"156",11316,1144.99682572768,1145.09877313467,1058.53352354071,1058.77716089994,1150.62204723453,1150.73834072162,1186.85887784251,1186.95494641391,NA,NA,NA,NA,NA,NA,NA,NA,NA,NA,NA,NA
"157",11389,1145.02560477835,1145.12296478836,1058.56856749799,1058.80173937547,1150.65132023083,1150.76261551281,1186.91344222548,1187.00611923939,NA,NA,NA,NA,NA,NA,NA,NA,NA,NA,NA,NA
"158",11462,1145.05314623866,1145.1461161243,1058.60210445357,1058.82526045568,1150.67933439555,1150.78584641106,1186.96565958666,1187.05505857006,NA,NA,NA,NA,NA,NA,NA,NA,NA,NA,NA,NA
"159",11535,1145.07950332893,1145.16827187944,1058.63419921336,1058.84776965444,1150.70614386244,1150.80807830708,1187.0156308979,1187.10186190881,NA,NA,NA,NA,NA,NA,NA,NA,NA,NA,NA,NA
"160",11608,1145.10472698081,1145.18947486693,1058.66491379642,1058.86931052428,1150.73180043731,1150.82935416114,1187.06345278584,1187.1466225012,NA,NA,NA,NA,NA,NA,NA,NA,NA,NA,NA,NA
"161",11681,1145.12886593575,1145.20976605877,1058.69430755476,1058.88992474116,1150.75635369818,1150.84971508607,1187.10921771899,1187.18942952142,NA,NA,NA,NA,NA,NA,NA,NA,NA,NA,NA,NA
"162",11754,1145.15196683916,1145.22918466509,1058.72243728809,1058.90965218552,1150.77985109104,1150.86920042672,1187.15301418673,1187.23036825003,NA,NA,NA,NA,NA,NA,NA,NA,NA,NA,NA,NA
"163",11827,1145.17407433053,1145.24776820981,1058.74935735352,1058.92853101977,1150.80233802157,1150.88784783599,1187.19492687066,1187.26952024406,NA,NA,NA,NA,NA,NA,NA,NA,NA,NA,NA,NA
"164",11900,1145.19523112973,1145.26555260323,1058.77511977063,1058.94659776251,1150.82385794284,1150.90569334758,1187.2350368085,1187.30696349959,NA,NA,NA,NA,NA,NA,NA,NA,NA,NA,NA,NA
"165",11973,1145.21547811954,1145.2825722114,1058.79977432201,1058.96388735947,1150.84445243933,1150.92277144564,1187.27342155098,1187.34277260726,NA,NA,NA,NA,NA,NA,NA,NA,NA,NA,NA,NA
"166",12046,1145.23485442464,1145.29885992249,1058.82336864941,1058.98043325134,1150.86416130721,1150.93911513137,1187.3101553119,1187.37701890101,NA,NA,NA,NA,NA,NA,NA,NA,NA,NA,NA,NA
"167",12119,1145.25339748724,1145.3144472104,1058.84594834584,1058.99626743877,1150.88302263134,1150.95475598683,1187.34530911183,1187.40977060025,NA,NA,NA,NA,NA,NA,NA,NA,NA,NA,NA,NA
"168",12192,1145.2711431394,1145.32936419555,1058.86755704368,1059.01142054446,1150.90107285878,1150.96972423596,1187.37895091555,1187.44109294595,NA,NA,NA,NA,NA,NA,NA,NA,NA,NA,NA,NA
"169",12265,1145.2881256723,1145.34363970308,1058.88823649894,1059.02592187258,1150.91834686925,1150.98404880296,1187.41114576353,1187.47104833062,NA,NA,NA,NA,NA,NA,NA,NA,NA,NA,NA,NA
"170",12338,1145.30437790247,1145.35730131856,1058.90802667203,1059.03979946565,1150.93487804254,1150.99775736819,1187.44195589789,1187.49969642276,NA,NA,NA,NA,NA,NA,NA,NA,NA,NA,NA,NA
"171",12411,1145.31993123527,1145.3703754413,1058.92696580489,1059.05308015891,1150.95069832301,1151.01087642168,1187.47144088274,1187.52709428578,NA,NA,NA,NA,NA,NA,NA,NA,NA,NA,NA,NA
"172",12484,1145.33481572547,1145.38288733533,1058.94509049498,1059.0657896324,1150.9658382813,1151.02343131432,1187.49965771955,1187.55329649176,NA,NA,NA,NA,NA,NA,NA,NA,NA,NA,NA,NA
"173",12557,1145.34906013544,1145.39486117828,1058.96243576592,1059.07795246073,1150.98032717342,1151.03544630679,1187.52666095734,1187.57835523028,NA,NA,NA,NA,NA,NA,NA,NA,NA,NA,NA,NA
"174",12630,1145.36269199066,1145.40632010805,1058.9790351352,1059.08959216075,1150.99419299727,1151.04694461652,1187.55250279831,1187.60232041239,NA,NA,NA,NA,NA,NA,NA,NA,NA,NA,NA,NA
"175",12703,1145.37573763291,1145.41728626754,1058.99492067898,1059.10073123708,1151.00746254677,1151.05794846251,1187.57723319879,1187.62523977017,NA,NA,NA,NA,NA,NA,NA,NA,NA,NA,NA,NA
"176",12776,1145.38822227122,1145.42778084743,1059.010123094,1059.11139122578,1151.0201614636,1151.06847910825,1187.60089996591,1187.64715895184,NA,NA,NA,NA,NA,NA,NA,NA,NA,NA,NA,NA
"177",12849,1145.40017003053,1145.43782412713,1059.02467175699,1059.12159273606,1151.03231428678,1151.07855690287,1187.6235488501,1187.66812161276,NA,NA,NA,NA,NA,NA,NA,NA,NA,NA,NA,NA
"178",12922,1145.41160399833,1145.44743551399,1059.03859478135,1059.13135549018,1151.04394450006,1151.08820132039,1187.64522363356,1187.68816950247,NA,NA,NA,NA,NA,NA,NA,NA,NA,NA,NA,NA
"179",12995,1145.4225462693,1145.45663358077,1059.05191907153,1059.1406983617,1151.05507457732,1151.0974309974,1187.66596621502,1187.70734254786,NA,NA,NA,NA,NA,NA,NA,NA,NA,NA,NA,NA
"180",13068,1145.43301798794,1145.46543610153,1059.064670375,1059.14963941203,1151.065726026,1151.10626376906,1187.68581669071,1187.72567893282,NA,NA,NA,NA,NA,NA,NA,NA,NA,NA,NA,NA
"181",13141,1145.44303938951,1145.47386008601,1059.076873332,1059.15819592535,1151.07591942864,1151.11471670356,1187.70481343199,1187.74321517429,NA,NA,NA,NA,NA,NA,NA,NA,NA,NA,NA,NA
"182",13214,1145.45262983906,1145.48192181247,1059.08855152318,1059.16638444216,1151.08567448267,1151.12280613509,1187.72299315954,1187.75998619508,NA,NA,NA,NA,NA,NA,NA,NA,NA,NA,NA,NA
"183",13287,1145.4618078689,1145.48963685915,1059.09972751512,1059.17422079124,1151.09501003847,1151.13054769544,1187.7403910144,1187.77602539347,NA,NA,NA,NA,NA,NA,NA,NA,NA,NA,NA,NA
"184",13360,1145.47059121438,1145.49702013439,1059.110422904,1059.18172012034,1151.1039441358,1151.13795634417,1187.75704062593,1187.79136470976,NA,NA,NA,NA,NA,NA,NA,NA,NA,NA,NA,NA
"185",13433,1145.47899684818,1145.50408590539,1059.12065835725,1059.18889692547,1151.11249403864,1151.14504639753,1187.77297417684,1187.80603468995,NA,NA,NA,NA,NA,NA,NA,NA,NA,NA,NA,NA
"186",13506,1145.48704101309,1145.51084782586,1059.13045365359,1059.19576507896,1151.12067626857,1151.15183155613,1187.78822246547,1187.82006454658,NA,NA,NA,NA,NA,NA,NA,NA,NA,NA,NA,NA
"187",13579,1145.49473925343,1145.51731896233,1059.13982772114,1059.20233785635,1151.12850663669,1151.15832493142,1187.80281496532,1187.83348221703,NA,NA,NA,NA,NA,NA,NA,NA,NA,NA,NA,NA
"188",13652,1145.50210644504,1145.52351181942,1059.14879867408,1059.20862796202,1151.13600027417,1151.16453907099,1187.81677988208,1187.84631441909,NA,NA,NA,NA,NA,NA,NA,NA,NA,NA,NA,NA
"189",13725,1145.50915682407,1145.52943836404,1059.15738384761,1059.2146475538,1151.1431716615,1151.17048598288,1187.83014420816,1187.85858670432,NA,NA,NA,NA,NA,NA,NA,NA,NA,NA,NA,NA
"190",13798,1145.51590401447,1145.53511004847,1059.16559983149,1059.22040826652,1151.15003465645,1151.17617715872,1187.84293377488,1187.87032350886,NA,NA,NA,NA,NA,NA,NA,NA,NA,NA,NA,NA
"191",13871,1145.52236105431,1145.5405378325,1059.17346250202,1059.22592123447,1151.15660252088,1151.18162359597,1187.85517330245,1187.88154820222,NA,NA,NA,NA,NA,NA,NA,NA,NA,NA,NA,NA
"192",13944,1145.52854042097,1145.54573220462,1059.1809870528,1059.231197113,1151.16288794634,1151.18683581916,1187.86688644775,1187.89228313378,NA,NA,NA,NA,NA,NA,NA,NA,NA,NA,NA,NA
"193",14017,1145.5344540553,1145.55070320228,1059.18818802407,1059.23624609907,1151.16890307858,1151.19182390023,1187.87809585009,1187.9025496774,NA,NA,NA,NA,NA,NA,NA,NA,NA,NA,NA,NA
"194",14090,1145.54011338461,1145.55546043129,1059.19507933075,1059.24107795103,1151.17465954108,1151.19659747802,1187.888823175,1187.91236827394,NA,NA,NA,NA,NA,NA,NA,NA,NA,NA,NA,NA
"195",14163,1145.54552934483,1145.56001308438,1059.2016742894,1059.24570200744,1151.18016845746,1151.20116577685,1187.89908915608,1187.92175847202,NA,NA,NA,NA,NA,NA,NA,NA,NA,NA,NA,NA
"196",14236,1145.5507124016,1145.56436995897,1059.20798564394,1059.2501272052,1151.18544047298,1151.20553762435,1187.90891363512,1187.930738967,NA,NA,NA,NA,NA,NA,NA,NA,NA,NA,NA,NA
"197",14309,1145.55567257052,1145.56853947415,1059.21402559024,1059.25436209678,1151.19048577513,1151.20972146855,1187.91831560049,1187.93932763819,NA,NA,NA,NA,NA,NA,NA,NA,NA,NA,NA,NA
"198",14382,1145.56041943645,1145.57252968696,1059.21980579971,1059.25841486678,1151.1953141133,1151.2137253942,1187.92731322379,1187.94754158451,NA,NA,NA,NA,NA,NA,NA,NA,NA,NA,NA,NA
"199",14455,1145.56496217211,1145.57634830799,1059.22533744186,1059.26229334775,1151.19993481763,1151.21755713837,1187.93592389505,1187.95539715854,NA,NA,NA,NA,NA,NA,NA,NA,NA,NA,NA,NA
"200",14528,1145.56930955575,1145.58000271621,1059.23063120588,1059.26600503535,1151.20435681704,1151.22122410539,1187.94416425633,1187.9629099991,NA,NA,NA,NA,NA,NA,NA,NA,NA,NA,NA,NA
"201",14601,1145.57346998811,1145.5834999733,1059.23569732126,1059.26955710284,1151.20858865647,1151.22473338122,1187.95205023385,1187.97009506243,NA,NA,NA,NA,NA,NA,NA,NA,NA,NA,NA,NA
"202",14674,1145.57745150871,1145.58684683725,1059.24054557764,1059.27295641495,1151.21263851339,1151.22809174706,1187.95959706888,1187.97696665197,NA,NA,NA,NA,NA,NA,NA,NA,NA,NA,NA,NA
"203",14747,1145.5812618113,1145.59004977545,1059.24518534363,1059.27620954114,1151.21651421364,1151.23130569254,1187.9668193471,1187.98353844687,NA,NA,NA,NA,NA,NA,NA,NA,NA,NA,NA,NA
"204",14820,1145.58490825881,1145.59311497717,1059.24962558498,1059.27932276833,1151.22022324649,1151.23438142818,1187.97373102688,1187.98982352924,NA,NA,NA,NA,NA,NA,NA,NA,NA,NA,NA,NA
"205",14893,1145.58839789753,1145.59604836549,1059.25387488189,1059.28230211302,1151.22377277918,1151.23732489744,1187.98034546623,1187.99583441022,NA,NA,NA,NA,NA,NA,NA,NA,NA,NA,NA,NA
"206",14966,1145.59173747072,1145.59885560883,1059.25794144556,1059.28515333296,1151.22716967072,1151.24014178819,1187.98667544861,1188.00158305487,NA,NA,NA,NA,NA,NA,NA,NA,NA,NA,NA,NA
"207",15039,1145.59493343169,1145.60154213181,1059.26183313412,1059.28788193824,1151.23042048517,1151.24283754373,1187.99273320769,1188.00708090606,NA,NA,NA,NA,NA,NA,NA,NA,NA,NA,NA,NA
"208",15112,1145.59799195621,1145.60411312579,1059.26555746773,1059.29049320201,1151.23353150429,1151.24541737323,1187.99853045095,1188.01233890725,NA,NA,NA,NA,NA,NA,NA,NA,NA,NA,NA,NA
"209",15185,1145.60091895448,1145.60657355888,1059.26912164321,1059.29299217058,1151.23650873974,1151.24788626189,1188.00407838235,1188.01736752425,NA,NA,NA,NA,NA,NA,NA,NA,NA,NA,NA,NA
"210",15258,1145.60372008256,1145.60892818555,1059.27253254784,1059.29538367325,1151.23935794462,1151.25024898051,1188.00938772398,1188.02217676615,NA,NA,NA,NA,NA,NA,NA,NA,NA,NA,NA,NA
"211",15331,1145.60640075326,1145.61118155582,1059.27579677277,1059.29767233162,1151.24208462468,1151.25251009476,1188.01446873675,1188.02677620517,NA,NA,NA,NA,NA,NA,NA,NA,NA,NA,NA,NA
"212",15404,1145.60896614662,1145.61333802403,1059.27892062569,1059.29986256852,1151.24469404885,1151.25467397392,1188.0193312403,1188.03117499578,NA,NA,NA,NA,NA,NA,NA,NA,NA,NA,NA,NA
"213",15477,1145.61142121994,1145.61540175727,1059.28191014303,1059.30195861657,1151.24719125951,1151.25674479942,1188.02398463191,1188.03538189294,NA,NA,NA,NA,NA,NA,NA,NA,NA,NA,NA,NA
"214",15550,1145.61377071733,1145.61737674345,1059.28477110166,1059.30396452636,1151.2495810822,1151.25872657287,1188.02843790471,1188.03940526953,NA,NA,NA,NA,NA,NA,NA,NA,NA,NA,NA,NA
"215",15623,1145.61601917889,1145.61926679896,1059.28750903,1059.30588417426,1151.25186813495,1151.26062312378,1188.03269966505,1188.04325313299,NA,NA,NA,NA,NA,NA,NA,NA,NA,NA,NA,NA
"216",15696,1145.61817094948,1145.6210755761,1059.29012921875,1059.30772126995,1151.25405683719,1151.262438117,1188.03677814912,1188.04693314134,NA,NA,NA,NA,NA,NA,NA,NA,NA,NA,NA,NA
"217",15769,1145.62023018712,1145.62280657009,1059.29263673108,1059.30947936356,1151.25615141829,1151.26417505975,1188.0406812389,1188.05045261838,NA,NA,NA,NA,NA,NA,NA,NA,NA,NA,NA,NA
"218",15842,1145.62220087101,1145.62446312586,1059.29503641244,1059.31116185253,1151.25815592577,1151.26583730846,1188.04441647738,1188.05381856831,NA,NA,NA,NA,NA,NA,NA,NA,NA,NA,NA,NA
"219",15915,1145.62408680926,1145.62604844447,1059.29733289989,1059.3127719882,1151.26007423308,1151.26742807522,1188.04799108315,1188.05703768964,NA,NA,NA,NA,NA,NA,NA,NA,NA,NA,NA,NA
"220",15988,1145.62589164618,1145.62756558937,1059.29953063111,1059.31431288208,1151.26191004709,1151.26895043396,1188.05141196433,1188.06011638858,NA,NA,NA,NA,NA,NA,NA,NA,NA,NA,NA,NA
"221",16061,1145.6276188694,1145.62901749223,1059.30163385293,1059.31578751188,1151.26366691529,1151.27040732646,1188.05468573195,1188.06306079178,NA,NA,NA,NA,NA,NA,NA,NA,NA,NA,NA,NA
"222",16134,1145.62927181655,1145.63040695867,1059.30364662954,1059.31719872723,1151.26534823259,1151.27180156796,1188.05781871271,1188.06587675853,NA,NA,NA,NA,NA,NA,NA,NA,NA,NA,NA,NA
"223",16207,1145.63085368173,1145.63173667364,1059.30557285038,1059.31854925522,1151.26695724792,1151.27313585266,1188.06081696121,1188.0685698924,NA,NA,NA,NA,NA,NA,NA,NA,NA,NA,NA,NA
"224",16280,1145.6323675217,1145.63300920667,1059.30741623763,1059.31984170566,1151.26849707049,1151.27441275889,1188.06368627169,1188.07114555248,NA,NA,NA,NA,NA,NA,NA,NA,NA,NA,NA,NA
"225",16353,1145.63381626176,1145.63422701674,1059.30918035338,1059.32107857613,1151.26997067582,1151.27563475411,1188.06643218916,1188.07360886396,NA,NA,NA,NA,NA,NA,NA,NA,NA,NA,NA,NA
"226",16426,1145.6352027014,1145.63539245712,1059.31086860657,1059.32226225678,1151.27138091144,1151.27680419966,1188.06906002017,1188.0759647284,NA,NA,NA,NA,NA,NA,NA,NA,NA,NA,NA,NA
"227",16499,1145.63652951975,1145.63650777987,1059.31248425952,1059.32339503499,1151.27273050247,1151.27792335535,1188.07157484305,1188.07821783347,NA,NA,NA,NA,NA,NA,NA,NA,NA,NA,NA,NA
"228",16572,1145.6377992807,1145.63757514021,1059.31403043427,1059.32447909977,1151.27402205681,1151.2789943838,1188.07398151775,1188.08037266228,NA,NA,NA,NA,NA,NA,NA,NA,NA,NA,NA,NA
"229",16645,1145.63901443791,1145.63859660067,1059.31551011862,1059.32551654599,1151.27525807022,1151.28001935463,1188.07628469518,1188.08243350232,NA,NA,NA,NA,NA,NA,NA,NA,NA,NA,NA,NA
"230",16718,1145.64017733952,1145.6395741351,1059.31692617185,1059.32650937843,1151.27644093113,1151.28100024847,1188.07848882624,1188.084404454,NA,NA,NA,NA,NA,NA,NA,NA,NA,NA,NA,NA
"231",16791,1145.64129023266,1145.64050963245,1059.3182813303,1059.32745951564,1151.27757292528,1151.28193896077,1188.08059817043,1188.08628943879,NA,NA,NA,NA,NA,NA,NA,NA,NA,NA,NA,NA
"232",16864,1145.64235526788,1145.64140490045,1059.31957821265,1059.3283687937,1151.2786562401,1151.28283730546,1188.08261680404,1188.08809220706,NA,NA,NA,NA,NA,NA,NA,NA,NA,NA,NA,NA
"233",16937,1145.64337450321,1145.64226166909,1059.32081932494,1059.32923896968,1151.27969296895,1151.28369701849,1188.08454862806,1188.08981634553,NA,NA,NA,NA,NA,NA,NA,NA,NA,NA,NA,NA
"234",17010,1145.64434990819,1145.64308159396,1059.32200706548,1059.33007172513,1151.28068511517,1151.28451976113,1188.08639737573,1188.09146528442,NA,NA,NA,NA,NA,NA,NA,NA,NA,NA,NA,NA
"235",17083,1145.64528336767,1145.64386625947,1059.32314372941,1059.33086866928,1151.28163459596,1151.28530712323,1188.08816661973,1188.09304230427,NA,NA,NA,NA,NA,NA,NA,NA,NA,NA,NA,NA
"236",17156,1145.64617668543,1145.64461718187,1059.32423151319,1059.33163134213,1151.28254324607,1151.28606062627,1188.08985977909,1188.09455054249,NA,NA,NA,NA,NA,NA,NA,NA,NA,NA,NA,NA
"237",17229,1145.6470315877,1145.64533581224,1059.32527251883,1059.33236121748,1151.28341282135,1151.28678172629,1188.09148012579,1188.09599299959,NA,NA,NA,NA,NA,NA,NA,NA,NA,NA,NA,NA
"238",17302,1145.64784972646,1145.64602353922,1059.32626875792,1059.33305970574,1151.28424500213,1151.28747181673,1188.09303079113,1188.09737254515,NA,NA,NA,NA,NA,NA,NA,NA,NA,NA,NA,NA
"239",17375,1145.64863268267,1145.64668169176,1059.32722215558,1059.33372815667,1151.2850413965,1151.28813223109,1188.09451477171,1188.09869192357,NA,NA,NA,NA,NA,NA,NA,NA,NA,NA,NA,NA
"240",17448,1145.64938196927,1145.64731154166,1059.32813455411,1059.33436786197,1151.2858035434,1151.28876424554,1188.09593493529,1188.09995375948,NA,NA,NA,NA,NA,NA,NA,NA,NA,NA,NA,NA
"241",17521,1145.65009903418,1145.64791430601,1059.32900771662,1059.33498005782,1151.28653291556,1151.28936908136,1188.09729402628,1188.101160563,NA,NA,NA,NA,NA,NA,NA,NA,NA,NA,NA,NA
"242",17594,1145.65078526303,1145.64849114959,1059.32984333037,1059.33556592722,1151.28723092241,1151.28994790733,1188.09859467107,1188.10231473475,NA,NA,NA,NA,NA,NA,NA,NA,NA,NA,NA,NA
"243",17667,1145.65144198186,1145.64904318707,1059.33064301009,1059.33612660229,1151.28789891275,1151.29050184195,1188.0998393831,1188.1034185706,NA,NA,NA,NA,NA,NA,NA,NA,NA,NA,NA,NA
"244",17740,1145.6520704597,1145.64957148519,1059.33140830105,1059.33666316648,1151.28853817739,1151.29103195563,1188.10103056773,1188.10447426623,NA,NA,NA,NA,NA,NA,NA,NA,NA,NA,NA,NA
"245",17813,1145.652671911,1145.65007706481,1059.33214068206,1059.33717665665,1151.28914995163,1151.29153927274,1188.10217052687,1188.10548392156,NA,NA,NA,NA,NA,NA,NA,NA,NA,NA,NA,NA
"246",17886,1145.653247498,1145.65056090291,1059.33284156838,1059.33766806505,1151.28973541764,1151.2920247736,1188.10326146343,1188.10644954486,NA,NA,NA,NA,NA,NA,NA,NA,NA,NA,NA,NA
"247",17959,1145.65379833292,1145.65102393444,1059.33351231436,1059.33813834127,1151.29029570675,1151.2924893964,1188.1043054856,1188.1073730568,NA,NA,NA,NA,NA,NA,NA,NA,NA,NA,NA,NA
"248",18032,1145.6543254802,1145.65146705414,1059.33415421614,1059.33858839408,1151.29083190166,1151.29293403893,1188.10530461088,1188.10825629424,NA,NA,NA,NA,NA,NA,NA,NA,NA,NA,NA,NA
"249",18105,1145.65482995848,1145.6518911183,1059.33476851412,1059.33901909314,1151.29134503849,1151.29335956043,1188.10626077003,1188.10910101393,NA,NA,NA,NA,NA,NA,NA,NA,NA,NA,NA,NA
"250",18178,1145.6553127426,1145.65229694635,1059.33535639533,1059.33943127074,1151.2918361088,1151.29376678316,1188.10717581078,1188.10990889593,NA,NA,NA,NA,NA,NA,NA,NA,NA,NA,NA,NA
"251",18251,1145.65577476546,1145.65268532251,1059.33591899579,1059.33982572336,1151.29230606154,1151.29415649402,1188.10805150139,1188.11068154705,NA,NA,NA,NA,NA,NA,NA,NA,NA,NA,NA,NA
"252",18324,1145.65621691988,1145.65305699727,1059.33645740264,1059.34020321324,1151.29275580483,1151.29452944608,1188.10888953406,1188.11142050398,NA,NA,NA,NA,NA,NA,NA,NA,NA,NA,NA,NA
"253",18397,1145.65664006026,1145.65341268883,1059.3369726563,1059.34056446982,1151.29318620772,1151.29488636002,1188.10969152825,1188.11212723636,NA,NA,NA,NA,NA,NA,NA,NA,NA,NA,NA,NA
"254",18470,1145.65704500427,1145.65375308453,1059.33746575241,1059.3409101912,1151.29359810193,1151.29522792553,1188.11045903375,1188.11280314973,NA,NA,NA,NA,NA,NA,NA,NA,NA,NA,NA,NA
"255",18543,1145.65743253439,1145.65407884214,1059.33793764383,1059.34124104544,1151.29399228338,1151.29555480264,1188.11119353373,1188.11344958831,NA,NA,NA,NA,NA,NA,NA,NA,NA,NA,NA,NA
"256",18616,1145.6578033995,1145.65439059113,1059.33838924243,1059.34155767187,1151.29436951378,1151.295867623,1188.11189644754,1188.11406783768,NA,NA,NA,NA,NA,NA,NA,NA,NA,NA,NA,NA
"257",18689,1145.65815831623,1145.65468893394,1059.33882142085,1059.34186068235,1151.29473052208,1151.29616699109,1188.11256913351,1188.11465912732,NA,NA,NA,NA,NA,NA,NA,NA,NA,NA,NA,NA
"258",18762,1145.65849797042,1145.65497444705,1059.33923501424,1059.34215066239,1151.29507600588,1151.29645348541,1188.11321289157,1188.11522463309,NA,NA,NA,NA,NA,NA,NA,NA,NA,NA,NA,NA
"259",18835,1145.6588230184,1145.6552476822,1059.33963082179,1059.34242817236,1151.29540663278,1151.29672765956,1188.11382896572,1188.11576547956,NA,NA,NA,NA,NA,NA,NA,NA,NA,NA,NA,NA
"260",18908,1145.65913408828,1145.65550916737,1059.34000960837,1059.34269374851,1151.29572304168,1151.29699004336,1188.11441854648,1188.11628274222,NA,NA,NA,NA,NA,NA,NA,NA,NA,NA,NA,NA
"261",18981,1145.65943178118,1145.65575940785,1059.34037210593,1059.34294790403,1151.29602584399,1151.29724114382,1188.11498277317,1188.11677744968,NA,NA,NA,NA,NA,NA,NA,NA,NA,NA,NA,NA
"262",19054,1145.65971667234,1145.6559988872,1059.34071901494,1059.34319113004,1151.29631562484,1151.29748144617,1188.11552273611,1188.11725058563,NA,NA,NA,NA,NA,NA,NA,NA,NA,NA,NA,NA
"263",19127,1145.65998931228,1145.65622806818,1059.34105100576,1059.34342389655,1151.2965929442,1151.29771141475,1188.11603947873,1188.11770309089,NA,NA,NA,NA,NA,NA,NA,NA,NA,NA,NA,NA
"264",19200,1145.66025022783,1145.65644739364,1059.34136871993,1059.34364665336,1151.29685833795,1151.29793149396,1188.11653399961,1188.11813586522,NA,NA,NA,NA,NA,NA,NA,NA,NA,NA,NA,NA
"265",19273,1145.66049992319,1145.65665728742,1059.34167277139,1059.3438598309,1151.29711231892,1151.29814210906,1188.11700725434,1188.11854976914,NA,NA,NA,NA,NA,NA,NA,NA,NA,NA,NA,NA
"266",19346,1145.66073888086,1145.6568581551,1059.34196374766,1059.34406384113,1151.29735537791,1151.29834366705,1188.11746015747,1188.11894562562,NA,NA,NA,NA,NA,NA,NA,NA,NA,NA,NA,NA
"267",19419,1145.66096756259,1145.65705038484,1059.34224221104,1059.34425907827,1151.29758798459,1151.2985365574,1188.11789358418,1188.11932422174,NA,NA,NA,NA,NA,NA,NA,NA,NA,NA,NA,NA
"268",19492,1145.66118641029,1145.65723434809,1059.34250869961,1059.34444591958,1151.29781058845,1151.29872115286,1188.11830837203,1188.11968631026,NA,NA,NA,NA,NA,NA,NA,NA,NA,NA,NA,NA
"269",19565,1145.66139584684,1145.65741040033,1059.34276372832,1059.34462472612,1151.29802361964,1151.29889781013,1188.11870532256,1188.12003261108,NA,NA,NA,NA,NA,NA,NA,NA,NA,NA,NA,NA
"270",19638,1145.66159627695,1145.65757888177,1059.34300778999,1059.34479584341,1151.29822748981,1151.29906687057,1188.11908520285,1188.12036381272,NA,NA,NA,NA,NA,NA,NA,NA,NA,NA,NA,NA
"271",19711,1145.66178808793,1145.65774011797,1059.34324135624,1059.3449596021,1151.29842259292,1151.29922866089,1188.11944874697,1188.12068057365,NA,NA,NA,NA,NA,NA,NA,NA,NA,NA,NA,NA
"272",19784,1145.66197165044,1145.65789442051,1059.3434648784,1059.34511631865,1151.29860930597,1151.2993834937,1188.11979665745,1188.12098352362,NA,NA,NA,NA,NA,NA,NA,NA,NA,NA,NA,NA
"273",19857,1145.66214731917,1145.65804208755,1059.3436787884,1059.34526629589,1151.29878798978,1151.29953166822,1188.12012960658,1188.12127326492,NA,NA,NA,NA,NA,NA,NA,NA,NA,NA,NA,NA
"274",19930,1145.6623154336,1145.65818340444,1059.34388349959,1059.34540982363,1151.29895898961,1151.29967347076,1188.12044823775,1188.12155037357,NA,NA,NA,NA,NA,NA,NA,NA,NA,NA,NA,NA
"275",20003,1145.66247631857,1145.65831864425,1059.34407940755,1059.34554717921,1151.29912263591,1151.29980917534,1188.1207531667,1188.12181540046,NA,NA,NA,NA,NA,NA,NA,NA,NA,NA,NA,NA
"276",20076,1145.66263028497,1145.65844806833,1059.34426689085,1059.34567862807,1151.2992792449,1151.29993904419,1188.12104498266,1188.12206887245,NA,NA,NA,NA,NA,NA,NA,NA,NA,NA,NA,NA
"277",20149,1145.66277763034,1145.65857192676,1059.34444631177,1059.34580442421,1151.29942911921,1151.30006332828,1188.12132424954,1188.12231129343,NA,NA,NA,NA,NA,NA,NA,NA,NA,NA,NA,NA
"278",20222,1145.66291863938,1145.65869045888,1059.34461801702,1059.34592481071,1151.29957254844,1151.30018226775,1188.121591507,1188.1225431453,NA,NA,NA,NA,NA,NA,NA,NA,NA,NA,NA,NA
"279",20295,1145.66305358459,1145.65880389375,1059.34478233841,1059.34604002021,1151.29970980977,1151.30029609245,1188.12184727148,1188.12276488894,NA,NA,NA,NA,NA,NA,NA,NA,NA,NA,NA,NA
"280",20368,1145.66318272673,1145.65891245056,1059.34493959345,1059.34615027533,1151.29984116842,1151.30040502233,1188.12209203722,1188.12297696515,NA,NA,NA,NA,NA,NA,NA,NA,NA,NA,NA,NA
"281",20441,1145.66330631535,1145.65901633908,1059.34509008603,1059.34625578914,1151.29996687824,1151.30050926787,1188.12232627721,1188.12317979547,NA,NA,NA,NA,NA,NA,NA,NA,NA,NA,NA,NA
"282",20514,1145.66342458926,1145.65911576007,1059.34523410695,1059.34635676551,1151.30008718213,1151.30060903053,1188.1225504441,1188.12337378309,NA,NA,NA,NA,NA,NA,NA,NA,NA,NA,NA,NA
"283",20587,1145.66353777703,1145.65921090563,1059.34537193452,1059.34645339958,1151.30020231258,1151.30070450308,1188.12276497105,1188.12355931359,NA,NA,NA,NA,NA,NA,NA,NA,NA,NA,NA,NA
"284",20660,1145.66364609736,1145.65930195964,1059.34550383506,1059.34654587807,1151.30031249205,1151.30079587001,1188.12297027262,1188.12373675575,NA,NA,NA,NA,NA,NA,NA,NA,NA,NA,NA,NA
"285",20733,1145.66374975957,1145.65938909804,1059.34563006346,1059.3466343797,1151.30041793346,1151.30088330787,1188.12316674554,1188.12390646225,NA,NA,NA,NA,NA,NA,NA,NA,NA,NA,NA,NA
"286",20806,1145.66384896398,1145.65947248921,1059.34575086364,1059.34671907547,1151.30051884055,1151.30096698562,1188.12335476947,1188.12406877039,NA,NA,NA,NA,NA,NA,NA,NA,NA,NA,NA,NA
"287",20879,1145.66394390228,1145.6595522943,1059.34586646904,1059.34680012906,1151.30061540832,1151.30104706497,1188.12353470774,1188.12422400279,NA,NA,NA,NA,NA,NA,NA,NA,NA,NA,NA,NA
"288",20952,1145.66403475794,1145.65962866751,1059.34597710303,1059.34687769708,1151.30070782336,1151.30112370064,1188.12370690806,1188.12437246795,NA,NA,NA,NA,NA,NA,NA,NA,NA,NA,NA,NA
"289",21025,1145.66412170652,1145.65970175643,1059.34608297941,1059.34695192944,1151.30079626427,1151.30119704075,1188.1238717032,1188.12451446096,NA,NA,NA,NA,NA,NA,NA,NA,NA,NA,NA,NA
"290",21098,1145.66420491603,1145.6597717023,1059.34618430277,1059.34702296956,1151.30088090194,1151.30126722699,1188.1240294116,1188.12465026401,NA,NA,NA,NA,NA,NA,NA,NA,NA,NA,NA,NA
"291",21171,1145.66428454727,1145.65983864028,1059.3462812689,1059.34709095474,1151.30096189992,1151.30133439501,1188.12418033801,1188.124780147,NA,NA,NA,NA,NA,NA,NA,NA,NA,NA,NA,NA
"292",21244,1145.66436075411,1145.65990269971,1059.34637406519,1059.34715601634,1151.30103941473,1151.30139867458,1188.12432477409,1188.12490436806,NA,NA,NA,NA,NA,NA,NA,NA,NA,NA,NA,NA
"293",21317,1145.66443368382,1145.65996400438,1059.34646287094,1059.34721828008,1151.30111359616,1151.30146018994,1188.12446299894,1188.12502317404,NA,NA,NA,NA,NA,NA,NA,NA,NA,NA,NA,NA
"294",21390,1145.66450347732,1145.66002267275,1059.34654785776,1059.34727786628,1151.30118458755,1151.30151905993,1188.12459527966,1188.12513680107,NA,NA,NA,NA,NA,NA,NA,NA,NA,NA,NA,NA
"295",21463,1145.66457026948,1145.6600788182,1059.34662918988,1059.34733489009,1151.30125252609,1151.30157539833,1188.12472187188,1188.12524547493,NA,NA,NA,NA,NA,NA,NA,NA,NA,NA,NA,NA
"296",21536,1145.66463418936,1145.66013254922,1059.34670702446,1059.34738946169,1151.30131754305,1151.301629314,1188.12484302021,1188.12534941159,NA,NA,NA,NA,NA,NA,NA,NA,NA,NA,NA,NA
"297",21609,1145.66469536048,1145.66018396963,1059.3467815119,1059.34744168654,1151.30137976408,1151.30168091112,1188.12495895876,1188.1254488176,NA,NA,NA,NA,NA,NA,NA,NA,NA,NA,NA,NA
"298",21682,1145.66475390105,1145.6602331788,1059.34685279615,1059.34749166555,1151.3014393094,1151.30173028941,1188.12506991158,1188.12554389047,NA,NA,NA,NA,NA,NA,NA,NA,NA,NA,NA,NA
"299",21755,1145.66480992419,1145.66028027182,1059.34692101495,1059.34753949531,1151.30149629409,1151.30177754427,1188.12517609306,1188.12563481914,NA,NA,NA,NA,NA,NA,NA,NA,NA,NA,NA,NA
"300",21828,1145.66486353816,1145.66032533969,1059.34698630012,1059.34758526823,1151.30155082826,1151.30182276702,1188.12527770839,1188.12572178428,NA,NA,NA,NA,NA,NA,NA,NA,NA,NA,NA,NA
"301",21901,1145.66491484656,1145.6603684695,1059.34704877783,1059.34762907278,1151.30160301728,1151.30186604505,1188.12537495392,1188.1258049587,NA,NA,NA,NA,NA,NA,NA,NA,NA,NA,NA,NA
"302",21974,1145.66496394854,1145.6604097446,1059.34710856879,1059.34767099359,1151.30165296201,1151.30190746199,1188.12546801758,1188.12588450766,NA,NA,NA,NA,NA,NA,NA,NA,NA,NA,NA,NA
"303",22047,1145.66501093897,1145.66044924473,1059.34716578856,1059.34771111167,1151.30170075896,1151.30194709787,1188.12555707919,1188.12596058923,NA,NA,NA,NA,NA,NA,NA,NA,NA,NA,NA,NA
"304",22120,1145.66505590866,1145.66048704623,1059.34722054769,1059.34774950455,1151.30174650049,1151.30198502928,1188.12564231087,1188.12603335457,NA,NA,NA,NA,NA,NA,NA,NA,NA,NA,NA,NA
"305",22193,1145.66509894452,1145.66052322215,1059.34727295201,1059.34778624641,1151.30179027499,1151.30202132952,1188.1257238773,1188.12610294826,NA,NA,NA,NA,NA,NA,NA,NA,NA,NA,NA,NA
"306",22266,1145.6651401297,1145.66055784238,1059.34732310277,1059.34782140825,1151.30183216704,1151.30205606873,1188.12580193611,1188.12616950856,NA,NA,NA,NA,NA,NA,NA,NA,NA,NA,NA,NA
"307",22339,1145.66517954378,1145.66059097384,1059.3473710969,1059.34785505803,1151.3018722576,1151.30208931405,1188.12587663814,1188.12623316773,NA,NA,NA,NA,NA,NA,NA,NA,NA,NA,NA,NA
"308",22412,1145.66521726294,1145.66062268054,1059.34741702712,1059.34788726076,1151.30191062415,1151.30212112971,1188.12594812774,1188.12629405224,NA,NA,NA,NA,NA,NA,NA,NA,NA,NA,NA,NA
"309",22485,1145.66525336005,1145.66065302375,1059.3474609822,1059.34791807866,1151.30194734081,1151.3021515772,1188.12601654305,1188.12635228305,NA,NA,NA,NA,NA,NA,NA,NA,NA,NA,NA,NA
"310",22558,1145.66528790487,1145.66068206211,1059.34750304707,1059.3479475713,1151.30198247853,1151.30218071535,1188.12608201628,1188.12640797584,NA,NA,NA,NA,NA,NA,NA,NA,NA,NA,NA,NA
"311",22631,1145.66532096415,1145.66070985172,1059.34754330302,1059.34797579566,1151.30201610522,1151.30220860047,1188.12614467395,1188.12646124126,NA,NA,NA,NA,NA,NA,NA,NA,NA,NA,NA,NA
"312",22704,1145.66535260178,1145.66073644629,1059.34758182783,1059.34800280629,1151.30204828586,1151.30223528644,1188.12620463714,1188.12651218513,NA,NA,NA,NA,NA,NA,NA,NA,NA,NA,NA,NA
"313",22777,1145.66538287889,1145.66076189722,1059.34761869596,1059.34802865537,1151.30207908263,1151.30226082482,1188.12626202171,1188.12656090865,NA,NA,NA,NA,NA,NA,NA,NA,NA,NA,NA,NA
"314",22850,1145.66541185399,1145.66078625367,1059.34765397863,1059.34805339286,1151.30210855504,1151.30228526498,1188.12631693856,1188.12660750862,NA,NA,NA,NA,NA,NA,NA,NA,NA,NA,NA,NA
"315",22923,1145.66543958307,1145.66080956271,1059.34768774404,1059.34807706656,1151.30213676004,1151.30230865413,1188.12636949381,1188.1266520776,NA,NA,NA,NA,NA,NA,NA,NA,NA,NA,NA,NA
"316",22996,1145.66546611971,1145.6608318694,1059.34772005744,1059.34809972222,1151.30216375214,1151.30233103747,1188.12641978901,1188.12669470413,NA,NA,NA,NA,NA,NA,NA,NA,NA,NA,NA,NA
"317",23069,1145.66549151519,1145.66085321682,1059.34775098125,1059.34812140361,1151.30218958349,1151.30235245826,1188.12646792136,1188.12673547288,NA,NA,NA,NA,NA,NA,NA,NA,NA,NA,NA,NA
"318",23142,1145.66551581858,1145.66087364624,1059.34778057524,1059.34814215263,1151.30221430402,1151.30237295789,1188.12651398386,1188.12677446484,NA,NA,NA,NA,NA,NA,NA,NA,NA,NA,NA,NA
"319",23215,1145.66553907685,1145.66089319713,1059.3478088966,1059.34816200937,1151.30223796148,1151.30239257597,1188.12655806552,1188.12681175745,NA,NA,NA,NA,NA,NA,NA,NA,NA,NA,NA,NA
"320",23288,1145.66556133495,1145.66091190727,1059.34783600004,1059.34818101222,1151.30226060159,1151.30241135041,1188.12660025153,1188.12684742481,NA,NA,NA,NA,NA,NA,NA,NA,NA,NA,NA,NA
"321",23361,1145.66558263587,1145.66092981282,1059.34786193796,1059.34819919788,1151.30228226811,1151.30242931748,1188.1266406234,1188.12688153774,NA,NA,NA,NA,NA,NA,NA,NA,NA,NA,NA,NA
"322",23434,1145.66560302078,1145.66094694836,1059.34788676046,1059.3482166015,1151.3023030029,1151.30244651192,1188.12667925916,1188.12691416401,NA,NA,NA,NA,NA,NA,NA,NA,NA,NA,NA,NA
"323",23507,1145.66562252908,1145.66096334703,1059.34791051551,1059.34823325671,1151.30232284603,1151.30246296694,1188.12671623345,1188.12694536842,NA,NA,NA,NA,NA,NA,NA,NA,NA,NA,NA,NA
"324",23580,1145.66564119846,1145.6609790405,1059.34793324902,1059.34824919569,1151.30234183584,1151.30247871434,1188.12675161773,1188.12697521295,NA,NA,NA,NA,NA,NA,NA,NA,NA,NA,NA,NA
"325",23653,1145.665659065,1145.6609940591,1059.34795500492,1059.34826444925,1151.30236000903,1151.30249378456,1188.12678548037,1188.12700375686,NA,NA,NA,NA,NA,NA,NA,NA,NA,NA,NA,NA
"326",23726,1145.66567616322,1145.66100843186,1059.34797582525,1059.34827904685,1151.30237740071,1151.30250820671,1188.1268178868,1188.12703105687,NA,NA,NA,NA,NA,NA,NA,NA,NA,NA,NA,NA
"327",23799,1145.66569252617,1145.66102218654,1059.34799575023,1059.34829301671,1151.3023940445,1151.30252200866,1188.12684889966,1188.12705716717,NA,NA,NA,NA,NA,NA,NA,NA,NA,NA,NA,NA
"328",23872,1145.6657081855,1145.66103534972,1059.34801481838,1059.34830638583,1151.30240997255,1151.30253521708,1188.12687857886,1188.12708213964,NA,NA,NA,NA,NA,NA,NA,NA,NA,NA,NA,NA
"329",23945,1145.66572317134,1145.66104794685,1059.34803306654,1059.34831918003,1151.30242521564,1151.3025478575,1188.12690698176,1188.12710602385,NA,NA,NA,NA,NA,NA,NA,NA,NA,NA,NA,NA
"330",24018,1145.66573751275,1145.66106000226,1059.34805052997,1059.34833142403,1151.30243980323,1151.30255995434,1188.12693416325,1188.12712886726,NA,NA,NA,NA,NA,NA,NA,NA,NA,NA,NA,NA
"331",24091,1145.66575123742,1145.66107153925,1059.34806724241,1059.34834314151,1151.30245376351,1151.30257153098,1188.12696017585,1188.12715071521,NA,NA,NA,NA,NA,NA,NA,NA,NA,NA,NA,NA
"332",24164,1145.66576437557,1145.66108258011,1059.34808323617,1059.3483543551,1151.30246712346,1151.30258260978,1188.12698506981,1188.12717161111,NA,NA,NA,NA,NA,NA,NA,NA,NA,NA,NA,NA
"333",24237,1145.66577694153,1145.66109314618,1059.34809854215,1059.34836508647,1151.30247990888,1151.30259321216,1188.12700889326,1188.12719159644,NA,NA,NA,NA,NA,NA,NA,NA,NA,NA,NA,NA
"334",24310,1145.66578897262,1145.66110325788,1059.34811318992,1059.34837535635,1151.30249214449,1151.30260335861,1188.12703169223,1188.12721071089,NA,NA,NA,NA,NA,NA,NA,NA,NA,NA,NA,NA
"335",24383,1145.66580048633,1145.66111293474,1059.34812720778,1059.3483851846,1151.30250385393,1151.30261306871,1188.12705351076,1188.12722899242,NA,NA,NA,NA,NA,NA,NA,NA,NA,NA,NA,NA
"336",24456,1145.66581150492,1145.66112219546,1059.34814062284,1059.3483945902,1151.30251505983,1151.30262236123,1188.12707439103,1188.12724647734,NA,NA,NA,NA,NA,NA,NA,NA,NA,NA,NA,NA
"337",24529,1145.66582204967,1145.66113105792,1059.34815346101,1059.34840359133,1151.30252578383,1151.30263125414,1188.12709437338,1188.12726320035,NA,NA,NA,NA,NA,NA,NA,NA,NA,NA,NA,NA
"338",24602,1145.66583214097,1145.66113953925,1059.34816574709,1059.34841220538,1151.30253604668,1151.30263976472,1188.12711349643,1188.12727919467,NA,NA,NA,NA,NA,NA,NA,NA,NA,NA,NA,NA
"339",24675,1145.66584179831,1145.66114765622,1059.34817750484,1059.34842044901,1151.30254586818,1151.30264791014,1188.12713179712,1188.12729449206,NA,NA,NA,NA,NA,NA,NA,NA,NA,NA,NA,NA
"340",24748,1145.66585104035,1145.66115542405,1059.34818875696,1059.34842833813,1151.30255526733,1151.30265570569,1188.12714931082,1188.12730912288,NA,NA,NA,NA,NA,NA,NA,NA,NA,NA,NA,NA
"341",24821,1145.66585988495,1145.66116285882,1059.34819952521,1059.34843588799,1151.30256426229,1151.30266316601,1188.12716607138,1188.1273231162,NA,NA,NA,NA,NA,NA,NA,NA,NA,NA,NA,NA
"342",24894,1145.66586834921,1145.66116997387,1059.34820983038,1059.34844311318,1151.30257287043,1151.3026703055,1188.12718211118,1188.12733649979,NA,NA,NA,NA,NA,NA,NA,NA,NA,NA,NA,NA
"343",24967,1145.66587644949,1145.66117678295,1059.34821969241,1059.34845002767,1151.3025811084,1151.30267713798,1188.12719746122,1188.12734930023,NA,NA,NA,NA,NA,NA,NA,NA,NA,NA,NA,NA
"344",25040,1145.66588420142,1145.66118329923,1059.34822913034,1059.34845664482,1151.30258899212,1151.30268367664,1188.12721215116,1188.12736154293,NA,NA,NA,NA,NA,NA,NA,NA,NA,NA,NA,NA
"345",25113,1145.66589162,1145.66118953528,1059.3482381624,1059.34846297741,1151.3025965368,1151.30268993411,1188.12722620938,1188.12737325221,NA,NA,NA,NA,NA,NA,NA,NA,NA,NA,NA,NA
"346",25186,1145.66589871956,1145.66119550316,1059.34824680607,1059.34846903768,1151.30260375705,1151.3026959225,1188.12723966306,1188.1273844513,NA,NA,NA,NA,NA,NA,NA,NA,NA,NA,NA,NA
"347",25259,1145.66590551382,1145.66120121441,1059.34825507802,1059.34847483734,1151.3026106668,1151.30270165336,1188.12725253818,1188.12739516244,NA,NA,NA,NA,NA,NA,NA,NA,NA,NA,NA,NA
"348",25332,1145.6659120159,1145.66120668006,1059.34826299426,1059.34848038759,1151.30261727941,1151.30270713779,1188.12726485963,1188.12740540689,NA,NA,NA,NA,NA,NA,NA,NA,NA,NA,NA,NA
"349",25405,1145.66591823837,1145.66121191066,1059.34827057008,1059.34848569917,1151.30262360766,1151.30271238636,1188.12727665123,1188.127415205,NA,NA,NA,NA,NA,NA,NA,NA,NA,NA,NA,NA
"350",25478,1145.66592419326,1145.66121691634,1059.34827782011,1059.34849078233,1151.30262966378,1151.30271740923,1188.12728793574,1188.12742457619,NA,NA,NA,NA,NA,NA,NA,NA,NA,NA,NA,NA
"351",25551,1145.66592989207,1145.66122170675,1059.34828475838,1059.34849564691,1151.30263545946,1151.30272221611,1188.12729873499,1188.12743353907,NA,NA,NA,NA,NA,NA,NA,NA,NA,NA,NA,NA
"352",25624,1145.66593534581,1145.66122629117,1059.34829139827,1059.34850030229,1151.30264100591,1151.30272681627,1188.12730906984,1188.12744211145,NA,NA,NA,NA,NA,NA,NA,NA,NA,NA,NA,NA
"353",25697,1145.66594056503,1145.66123067844,1059.34829775263,1059.34850475747,1151.30264631385,1151.30273121861,1188.12731896026,1188.12745031044,NA,NA,NA,NA,NA,NA,NA,NA,NA,NA,NA,NA
"354",25770,1145.6659455598,1145.66123487704,1059.34830383372,1059.34850902107,1151.30265139353,1151.30273543164,1188.12732842536,1188.12745815303,NA,NA,NA,NA,NA,NA,NA,NA,NA,NA,NA,NA
"355",25843,1145.66595033979,1145.66123889509,1059.3483096533,1059.34851310133,1151.30265625477,1151.30273946349,1188.12733748343,1188.12746565435,NA,NA,NA,NA,NA,NA,NA,NA,NA,NA,NA,NA
"356",25916,1145.66595491422,1145.66124274035,1059.34831522261,1059.34851700612,1151.30266090696,1151.30274332196,1188.12734615198,1188.12747282885,NA,NA,NA,NA,NA,NA,NA,NA,NA,NA,NA,NA
"357",25989,1145.66595929193,1145.66124642026,1059.34832055244,1059.34852074298,1151.3026653591,1151.30274701451,1188.12735444776,1188.12747969079,NA,NA,NA,NA,NA,NA,NA,NA,NA,NA,NA,NA
"358",26062,1145.66596348139,1145.66124994192,1059.34832565384,1059.34852431914,1151.30266961978,1151.30275054827,1188.12736238679,1188.12748625377,NA,NA,NA,NA,NA,NA,NA,NA,NA,NA,NA,NA
"359",26135,1145.66596749069,1145.66125331213,1059.34833053592,1059.3485277419,1151.30267369722,1151.30275393006,1188.12736998442,1188.12749253084,NA,NA,NA,NA,NA,NA,NA,NA,NA,NA,NA,NA
"360",26208,1145.66597132758,1145.66125653742,1059.34833520806,1059.34853101683,1151.30267759932,1151.30275716643,1188.12737725532,1188.12749853444,NA,NA,NA,NA,NA,NA,NA,NA,NA,NA,NA,NA
"361",26281,1145.66597499947,1145.66125962401,1059.34833967928,1059.3485341517,1151.30268133362,1151.30276026362,1188.12738421356,1188.1275042765,NA,NA,NA,NA,NA,NA,NA,NA,NA,NA,NA,NA
"362",26354,1145.66597851346,1145.66126257787,1059.34834395822,1059.34853715177,1151.30268490733,1151.30276322762,1188.12739087257,1188.1275097684,NA,NA,NA,NA,NA,NA,NA,NA,NA,NA,NA,NA
"363",26427,1145.66598187634,1145.6612654047,1059.34834805316,1059.34854002283,1151.30268832792,1151.30276606417,1188.12739724521,1188.12751502106,NA,NA,NA,NA,NA,NA,NA,NA,NA,NA,NA,NA
"364",26500,1145.6659850946,1145.66126810997,1059.348351972,1059.34854277042,1151.30269160142,1151.30276877873,1188.1274033438,1188.12752004489,NA,NA,NA,NA,NA,NA,NA,NA,NA,NA,NA,NA
"365",26573,1145.66598817447,1145.6612706989,1059.34835572232,1059.34854539986,1151.30269473415,1151.30277137656,1188.12740918013,1188.12752484986,NA,NA,NA,NA,NA,NA,NA,NA,NA,NA,NA,NA
"366",26646,1145.6659911219,1145.66127317651,1059.34835931136,1059.34854791622,1151.30269773216,1151.30277386267,1188.12741476549,1188.12752944552,NA,NA,NA,NA,NA,NA,NA,NA,NA,NA,NA,NA
"367",26719,1145.66599394257,1145.66127554757,1059.34836274607,1059.34855032437,1151.30270060124,1151.30277624188,1188.12742011143,1188.12753384098,NA,NA,NA,NA,NA,NA,NA,NA,NA,NA,NA,NA
"368",26792,1145.66599664195,1145.66127781666,1059.34836603307,1059.34855262897,1151.30270334695,1151.30277851877,1188.12742522758,1188.12753804496,NA,NA,NA,NA,NA,NA,NA,NA,NA,NA,NA,NA
"369",26865,1145.66599922525,1145.66127998818,1059.34836917872,1059.34855483446,1151.30270597458,1151.30278069775,1188.12743012371,1188.1275420658,NA,NA,NA,NA,NA,NA,NA,NA,NA,NA,NA,NA
"370",26938,1145.66600169746,1145.66128206632,1059.3483721891,1059.34855694511,1151.30270848922,1151.30278278302,1188.12743480929,1188.1275459115,NA,NA,NA,NA,NA,NA,NA,NA,NA,NA,NA,NA
"371",27011,1145.66600406335,1145.66128405509,1059.34837507002,1059.34855896499,1151.30271089572,1151.30278477863,1188.12743929339,1188.12754958967,NA,NA,NA,NA,NA,NA,NA,NA,NA,NA,NA,NA
"372",27084,1145.6660063275,1145.66128595833,1059.34837782705,1059.34856089801,1151.30271319873,1151.30278668841,1188.12744358465,1188.12755310762,NA,NA,NA,NA,NA,NA,NA,NA,NA,NA,NA,NA
"373",27157,1145.66600849429,1145.66128777973,1059.34838046553,1059.34856274791,1151.30271540271,1151.30278851607,1188.12744769137,1188.12755647232,NA,NA,NA,NA,NA,NA,NA,NA,NA,NA,NA,NA
"374",27230,1145.6660105679,1145.66128952281,1059.34838299054,1059.34856451825,1151.30271751191,1151.30279026513,1188.12745162149,1188.12755969046,NA,NA,NA,NA,NA,NA,NA,NA,NA,NA,NA,NA
"375",27303,1145.66601255234,1145.66129119093,1059.34838540697,1059.34856621247,1151.30271953041,1151.30279193898,1188.12745538261,1188.12756276842,NA,NA,NA,NA,NA,NA,NA,NA,NA,NA,NA,NA
"376",27376,1145.66601445145,1145.66129278731,1059.34838771948,1059.34856783383,1151.3027214621,1151.30279354085,1188.12745898199,1188.12756571231,NA,NA,NA,NA,NA,NA,NA,NA,NA,NA,NA,NA
"377",27449,1145.66601626888,1145.66129431505,1059.34838993255,1059.34856938546,1151.30272331073,1151.30279507383,1188.12746242658,1188.12756852797,NA,NA,NA,NA,NA,NA,NA,NA,NA,NA,NA,NA
"378",27522,1145.66601800816,1145.66129577709,1059.34839205045,1059.34857087037,1151.30272507986,1151.30279654089,1188.12746572304,1188.12757122097,NA,NA,NA,NA,NA,NA,NA,NA,NA,NA,NA,NA
"379",27595,1145.66601967265,1145.66129717625,1059.34839407727,1059.34857229143,1151.30272677292,1151.30279794487,1188.12746887775,1188.12757379668,NA,NA,NA,NA,NA,NA,NA,NA,NA,NA,NA,NA
"380",27668,1145.66602126555,1145.66129851525,1059.34839601694,1059.34857365137,1151.30272839316,1151.30279928846,1188.12747189679,1188.1275762602,NA,NA,NA,NA,NA,NA,NA,NA,NA,NA,NA,NA
"381",27741,1145.66602278994,1145.66129979666,1059.34839787319,1059.34857495283,1151.30272994373,1151.30280057428,1188.12747478601,1188.1275786164,NA,NA,NA,NA,NA,NA,NA,NA,NA,NA,NA,NA
"382",27814,1145.66602424877,1145.66130102297,1059.34839964962,1059.34857619832,1151.30273142762,1151.3028018048,1188.12747755098,1188.12758086996,NA,NA,NA,NA,NA,NA,NA,NA,NA,NA,NA,NA
"383",27887,1145.66602564486,1145.66130219655,1059.34840134964,1059.34857739024,1151.30273284768,1151.30280298241,1188.12748019705,1188.12758302535,NA,NA,NA,NA,NA,NA,NA,NA,NA,NA,NA,NA
"384",27960,1145.6660269809,1145.66130331965,1059.3484029772,1059.34857853089,1151.30273420667,1151.30280410937,1188.12748272933,1188.12758508684,NA,NA,NA,NA,NA,NA,NA,NA,NA,NA,NA,NA
"385",28033,1145.66602825947,1145.66130439445,1059.34840450009,1059.34857962249,1151.30273550721,1151.30280518786,1188.12748515271,1188.12758705853,NA,NA,NA,NA,NA,NA,NA,NA,NA,NA,NA,NA
"386",28106,1145.66602948306,1145.66130542302,1059.34840595748,1059.34858066714,1151.30273675181,1151.30280621996,1188.12748747188,1188.12758894433,NA,NA,NA,NA,NA,NA,NA,NA,NA,NA,NA,NA
"387",28179,1145.66603065402,1145.66130640735,1059.34840735219,1059.34858166685,1151.30273794288,1151.30280720768,1188.12748969132,1188.12759074797,NA,NA,NA,NA,NA,NA,NA,NA,NA,NA,NA,NA
"388",28252,1145.66603177461,1145.66130734935,1059.34840868691,1059.34858262357,1151.30273908273,1151.30280815291,1188.12749181531,1188.12759247305,NA,NA,NA,NA,NA,NA,NA,NA,NA,NA,NA,NA
"389",28325,1145.66603286791,1145.66130825083,1059.34840996422,1059.34858353914,1151.30274017355,1151.30280905749,1188.12749384796,1188.12759412298,NA,NA,NA,NA,NA,NA,NA,NA,NA,NA,NA,NA
"390",28398,1145.66603387166,1145.66130911353,1059.3484111866,1059.34858441533,1151.30274121745,1151.30280992316,1188.12749579317,1188.12759570104,NA,NA,NA,NA,NA,NA,NA,NA,NA,NA,NA,NA
"391",28471,1145.66603483225,1145.66130993914,1059.3484123564,1059.34858525384,1151.30274221645,1151.3028107516,1188.12749765473,1188.12759721036,NA,NA,NA,NA,NA,NA,NA,NA,NA,NA,NA,NA
"392",28544,1145.66603575152,1145.66131072923,1059.34841347589,1059.3485860648,1151.3027431725,1151.30281154614,1188.12749943622,1188.12759865718,NA,NA,NA,NA,NA,NA,NA,NA,NA,NA,NA,NA
"393",28617,1145.66603663125,1145.66131148958,1059.34841454724,1059.348586816,1151.30274406733,1151.30281228833,1188.12750114246,1188.12760000742,NA,NA,NA,NA,NA,NA,NA,NA,NA,NA,NA,NA
"394",28690,1145.66603747314,1145.66131219744,1059.3484155725,1059.34858753489,1151.30274492367,1151.3028129986,1188.12750273839,1188.12760129885,NA,NA,NA,NA,NA,NA,NA,NA,NA,NA,NA,NA
"395",28763,1145.66603827883,1145.66131287485,1059.34841655366,1059.34858822287,1151.30274574318,1151.30281367832,1188.12750426568,1188.12760253403,NA,NA,NA,NA,NA,NA,NA,NA,NA,NA,NA,NA
"396",28836,1145.66603904986,1145.66131352313,1059.34841749263,1059.34858888125,1151.30274652744,1151.30281432881,1188.12750572727,1188.1276037154,NA,NA,NA,NA,NA,NA,NA,NA,NA,NA,NA,NA
"397",28909,1145.66603978773,1145.66131414353,1059.34841839121,1059.34858951132,1151.30274727797,1151.30281495132,1188.12750712601,1188.12760484532,NA,NA,NA,NA,NA,NA,NA,NA,NA,NA,NA,NA
"398",28982,1145.66604049386,1145.66131473724,1059.34841925115,1059.34859011428,1151.30274799622,1151.30281554706,1188.12750846458,1188.12760592602,NA,NA,NA,NA,NA,NA,NA,NA,NA,NA,NA,NA
"399",29055,1145.66604116963,1145.66131530542,1059.34842007409,1059.34859069132,1151.30274868358,1151.30281611717,1188.12750974559,1188.12760695965,NA,NA,NA,NA,NA,NA,NA,NA,NA,NA,NA,NA
"400",29128,1145.66604181633,1145.66131584916,1059.34842086165,1059.34859124353,1151.30274934138,1151.30281666276,1188.12751097149,1188.12760794826,NA,NA,NA,NA,NA,NA,NA,NA,NA,NA,NA,NA
"401",29201,1145.66604243521,1145.66131636952,1059.34842161533,1059.348591772,1151.30274997088,1151.30281718489,1188.12751214468,1188.12760889381,NA,NA,NA,NA,NA,NA,NA,NA,NA,NA,NA,NA
"402",29274,1145.66604302748,1145.66131686749,1059.34842233659,1059.34859227773,1151.30275057331,1151.30281768456,1188.1275132674,1188.12760979817,NA,NA,NA,NA,NA,NA,NA,NA,NA,NA,NA,NA
"403",29347,1145.66604359427,1145.66131734405,1059.34842302684,1059.34859276172,1151.30275114983,1151.30281816274,1188.12751434183,1188.12761066314,NA,NA,NA,NA,NA,NA,NA,NA,NA,NA,NA,NA
"404",29420,1145.66604413669,1145.66131780011,1059.34842368739,1059.34859322489,1151.30275170156,1151.30281862035,1188.12751537006,1188.12761149045,NA,NA,NA,NA,NA,NA,NA,NA,NA,NA,NA,NA
"405",29493,1145.66604465578,1145.66131823655,1059.34842431954,1059.34859366813,1151.30275222955,1151.30281905828,1188.12751635406,1188.12761228171,NA,NA,NA,NA,NA,NA,NA,NA,NA,NA,NA,NA
"406",29566,1145.66604515254,1145.66131865422,1059.34842492449,1059.34859409232,1151.30275273483,1151.30281947738,1188.12751729573,1188.12761303852,NA,NA,NA,NA,NA,NA,NA,NA,NA,NA,NA,NA
"407",29639,1145.66604562793,1145.66131905393,1059.34842550343,1059.34859449825,1151.30275321839,1151.30281987845,1188.12751819691,1188.12761376236,NA,NA,NA,NA,NA,NA,NA,NA,NA,NA,NA,NA
"408",29712,1145.66604608288,1145.66131943645,1059.34842605747,1059.34859488673,1151.30275368114,1151.30282026227,1188.12751905933,1188.12761445468,NA,NA,NA,NA,NA,NA,NA,NA,NA,NA,NA,NA
"409",29785,1145.66604651826,1145.66131980252,1059.34842658768,1059.34859525851,1151.30275412399,1151.30282062958,1188.12751988465,1188.12761511684,NA,NA,NA,NA,NA,NA,NA,NA,NA,NA,NA,NA
"410",29858,1145.66604693492,1145.66132015284,1059.34842709508,1059.34859561429,1151.3027545478,1151.30282098109,1188.12752067448,1188.12761575017,NA,NA,NA,NA,NA,NA,NA,NA,NA,NA,NA,NA
"411",29931,1145.66604733365,1145.66132048809,1059.34842758066,1059.34859595477,1151.30275495337,1151.30282131749,1188.12752143033,1188.12761635591,NA,NA,NA,NA,NA,NA,NA,NA,NA,NA,NA,NA
"412",30004,1145.66604771524,1145.66132080893,1059.34842804536,1059.3485962806,1151.30275534151,1151.30282163942,1188.12752215368,1188.12761693527,NA,NA,NA,NA,NA,NA,NA,NA,NA,NA,NA,NA
"413",30077,1145.66604808041,1145.66132111596,1059.34842849007,1059.34859659242,1151.30275571295,1151.3028219475,1188.12752284592,1188.1276174894,NA,NA,NA,NA,NA,NA,NA,NA,NA,NA,NA,NA
"414",30150,1145.66604842988,1145.66132140979,1059.34842891565,1059.34859689083,1151.30275606841,1151.30282224233,1188.12752350838,1188.1276180194,NA,NA,NA,NA,NA,NA,NA,NA,NA,NA,NA,NA
"415",30223,1145.66604876431,1145.66132169098,1059.34842932293,1059.34859717641,1151.30275640859,1151.30282252448,1188.12752414235,1188.12761852631,NA,NA,NA,NA,NA,NA,NA,NA,NA,NA,NA,NA
"416",30296,1145.66604908437,1145.66132196008,1059.34842971269,1059.3485974497,1151.30275673413,1151.30282279449,1188.12752474906,1188.12761901115,NA,NA,NA,NA,NA,NA,NA,NA,NA,NA,NA,NA
"417",30369,1145.66604939065,1145.66132221761,1059.34843008569,1059.34859771124,1151.30275704567,1151.3028230529,1188.12752532967,1188.12761947488,NA,NA,NA,NA,NA,NA,NA,NA,NA,NA,NA,NA
"418",30442,1145.66604968377,1145.66132246406,1059.34843044265,1059.34859796153,1151.30275734382,1151.30282330018,1188.1275258853,1188.12761991841,NA,NA,NA,NA,NA,NA,NA,NA,NA,NA,NA,NA
"419",30515,1145.66604996428,1145.6613226999,1059.34843078425,1059.34859820105,1151.30275762914,1151.30282353683,1188.12752641704,1188.12762034262,NA,NA,NA,NA,NA,NA,NA,NA,NA,NA,NA,NA
"420",30588,1145.66605023272,1145.66132292561,1059.34843111116,1059.34859843028,1151.30275790219,1151.30282376331,1188.12752692591,1188.12762074836,NA,NA,NA,NA,NA,NA,NA,NA,NA,NA,NA,NA
"421",30661,1145.66605048961,1145.66132314161,1059.34843142401,1059.34859864964,1151.30275816349,1151.30282398004,1188.1275274129,1188.12762113643,NA,NA,NA,NA,NA,NA,NA,NA,NA,NA,NA,NA
"422",30734,1145.66605073546,1145.66132334831,1059.3484317234,1059.34859885957,1151.30275841356,1151.30282418745,1188.12752787893,1188.1276215076,NA,NA,NA,NA,NA,NA,NA,NA,NA,NA,NA,NA
"423",30807,1145.66605097074,1145.66132354613,1059.34843200992,1059.34859906047,1151.30275865287,1151.30282438594,1188.12752832493,1188.12762186261,NA,NA,NA,NA,NA,NA,NA,NA,NA,NA,NA,NA
"424",30880,1145.66605119589,1145.66132373544,1059.34843228412,1059.34859925273,1151.30275888189,1151.3028245759,1188.12752875174,1188.12762220216,NA,NA,NA,NA,NA,NA,NA,NA,NA,NA,NA,NA
"425",30953,1145.66605141136,1145.66132391661,1059.34843254652,1059.34859943672,1151.30275910105,1151.30282475768,1188.12752916019,1188.12762252692,NA,NA,NA,NA,NA,NA,NA,NA,NA,NA,NA,NA
"426",31026,1145.66605161757,1145.66132408998,1059.34843279763,1059.3485996128,1151.3027593108,1151.30282493165,1188.12752955108,1188.12762283754,NA,NA,NA,NA,NA,NA,NA,NA,NA,NA,NA,NA
"427",31099,1145.6660518149,1145.6613242559,1059.34843303795,1059.3485997813,1151.30275951152,1151.30282509813,1188.12752992516,1188.12762313463,NA,NA,NA,NA,NA,NA,NA,NA,NA,NA,NA,NA
"428",31172,1145.66605200375,1145.66132441468,1059.34843326793,1059.34859994256,1151.3027597036,1151.30282525745,1188.12753028314,1188.12762341879,NA,NA,NA,NA,NA,NA,NA,NA,NA,NA,NA,NA
"429",31245,1145.66605218447,1145.66132456663,1059.34843348801,1059.34860009688,1151.30275988743,1151.30282540992,1188.12753062573,1188.12762369057,NA,NA,NA,NA,NA,NA,NA,NA,NA,NA,NA,NA
"430",31318,1145.66605235742,1145.66132471205,1059.34843369864,1059.34860024456,1151.30276006335,1151.30282555583,1188.12753095359,1188.12762395052,NA,NA,NA,NA,NA,NA,NA,NA,NA,NA,NA,NA
"431",31391,1145.66605252294,1145.66132485121,1059.3484339002,1059.34860038589,1151.3027602317,1151.30282569547,1188.12753126734,1188.12762419915,NA,NA,NA,NA,NA,NA,NA,NA,NA,NA,NA,NA
"432",31464,1145.66605268133,1145.66132498439,1059.34843409309,1059.34860052114,1151.30276039282,1151.3028258291,1188.1275315676,1188.12762443695,NA,NA,NA,NA,NA,NA,NA,NA,NA,NA,NA,NA
"433",31537,1145.66605283292,1145.66132511184,1059.34843427769,1059.34860065058,1151.302760547,1151.30282595698,1188.12753185494,1188.1276246644,NA,NA,NA,NA,NA,NA,NA,NA,NA,NA,NA,NA
"434",31610,1145.66605297798,1145.66132523381,1059.34843445435,1059.34860077445,1151.30276069455,1151.30282607937,1188.12753212993,1188.12762488194,NA,NA,NA,NA,NA,NA,NA,NA,NA,NA,NA,NA
"435",31683,1145.6660531168,1145.66132535053,1059.34843462341,1059.34860089299,1151.30276083576,1151.30282619649,1188.12753239309,1188.12762509002,NA,NA,NA,NA,NA,NA,NA,NA,NA,NA,NA,NA
"436",31756,1145.66605324965,1145.66132546223,1059.3484347852,1059.34860100643,1151.30276097089,1151.30282630857,1188.12753264493,1188.12762528903,NA,NA,NA,NA,NA,NA,NA,NA,NA,NA,NA,NA
"437",31829,1145.66605337679,1145.66132556913,1059.34843494003,1059.348601115,1151.30276110021,1151.30282641583,1188.12753288594,1188.12762547937,NA,NA,NA,NA,NA,NA,NA,NA,NA,NA,NA,NA
"438",31902,1145.66605349846,1145.66132567143,1059.3484350882,1059.34860121889,1151.30276122397,1151.30282651848,1188.12753311658,1188.12762566143,NA,NA,NA,NA,NA,NA,NA,NA,NA,NA,NA,NA
"439",31975,1145.6660536149,1145.66132576933,1059.34843522999,1059.34860131832,1151.3027613424,1151.30282661671,1188.1275333373,1188.12762583556,NA,NA,NA,NA,NA,NA,NA,NA,NA,NA,NA,NA
"440",32048,1145.66605372633,1145.66132586302,1059.34843536569,1059.34860141347,1151.30276145574,1151.30282671072,1188.12753354853,1188.12762600211,NA,NA,NA,NA,NA,NA,NA,NA,NA,NA,NA,NA
"441",32121,1145.66605383297,1145.66132595268,1059.34843549556,1059.34860150452,1151.30276156421,1151.30282680068,1188.12753375068,1188.12762616141,NA,NA,NA,NA,NA,NA,NA,NA,NA,NA,NA,NA
"442",32194,1145.66605393502,1145.66132603848,1059.34843561983,1059.34860159166,1151.30276166801,1151.30282688678,1188.12753394413,1188.12762631377,NA,NA,NA,NA,NA,NA,NA,NA,NA,NA,NA,NA
"443",32267,1145.66605403268,1145.66132612059,1059.34843573877,1059.34860167506,1151.30276176735,1151.30282696917,1188.12753412926,1188.1276264595,NA,NA,NA,NA,NA,NA,NA,NA,NA,NA,NA,NA
"444",32340,1145.66605412614,1145.66132619917,1059.34843585258,1059.34860175486,1151.30276186242,1151.30282704802,1188.12753430643,1188.12762659888,NA,NA,NA,NA,NA,NA,NA,NA,NA,NA,NA,NA
"445",32413,1145.66605421558,1145.66132627438,1059.34843596151,1059.34860183124,1151.30276195339,1151.30282712348,1188.12753447598,1188.1276267322,NA,NA,NA,NA,NA,NA,NA,NA,NA,NA,NA,NA
"446",32486,1145.66605430118,1145.66132634634,1059.34843606574,1059.34860190433,1151.30276204045,1151.30282719569,1188.12753463823,1188.12762685971,NA,NA,NA,NA,NA,NA,NA,NA,NA,NA,NA,NA
"447",32559,1145.66605438309,1145.66132641521,1059.3484361655,1059.34860197427,1151.30276212377,1151.3028272648,1188.12753479351,1188.12762698167,NA,NA,NA,NA,NA,NA,NA,NA,NA,NA,NA,NA
"448",32632,1145.66605446148,1145.66132648112,1059.34843626096,1059.34860204121,1151.30276220351,1151.30282733093,1188.12753494211,1188.12762709832,NA,NA,NA,NA,NA,NA,NA,NA,NA,NA,NA,NA
"449",32705,1145.6660545365,1145.6613265442,1059.34843635232,1059.34860210527,1151.30276227981,1151.30282739422,1188.12753508431,1188.12762720989,NA,NA,NA,NA,NA,NA,NA,NA,NA,NA,NA,NA
"450",32778,1145.66605460829,1145.66132660456,1059.34843643975,1059.34860216657,1151.30276235284,1151.30282745479,1188.12753522041,1188.1276273166,NA,NA,NA,NA,NA,NA,NA,NA,NA,NA,NA,NA
"451",32851,1145.66605467699,1145.66132666233,1059.34843652341,1059.34860222524,1151.30276242272,1151.30282751275,1188.12753535064,1188.12762741867,NA,NA,NA,NA,NA,NA,NA,NA,NA,NA,NA,NA
"452",32924,1145.66605474274,1145.66132671761,1059.34843660348,1059.34860228138,1151.3027624896,1151.30282756822,1188.12753547528,1188.12762751629,NA,NA,NA,NA,NA,NA,NA,NA,NA,NA,NA,NA
"453",32997,1145.66605480566,1145.66132677051,1059.34843668011,1059.34860233511,1151.3027625536,1151.30282762131,1188.12753559456,1188.12762760967,NA,NA,NA,NA,NA,NA,NA,NA,NA,NA,NA,NA
"454",33070,1145.66605486588,1145.66132682114,1059.34843675344,1059.34860238652,1151.30276261485,1151.30282767211,1188.1275357087,1188.12762769897,NA,NA,NA,NA,NA,NA,NA,NA,NA,NA,NA,NA
"455",33143,1145.6660549235,1145.66132686959,1059.34843682362,1059.34860243573,1151.30276267346,1151.30282772072,1188.12753581794,1188.1276277844,NA,NA,NA,NA,NA,NA,NA,NA,NA,NA,NA,NA
"456",33216,1145.66605497865,1145.66132691596,1059.34843689077,1059.34860248282,1151.30276272955,1151.30282776725,1188.12753592248,1188.1276278661,NA,NA,NA,NA,NA,NA,NA,NA,NA,NA,NA,NA
"457",33289,1145.66605503142,1145.66132696033,1059.34843695504,1059.34860252788,1151.30276278323,1151.30282781177,1188.12753602252,1188.12762794424,NA,NA,NA,NA,NA,NA,NA,NA,NA,NA,NA,NA
"458",33362,1145.66605508193,1145.6613270028,1059.34843701655,1059.34860257101,1151.3027628346,1151.30282785438,1188.12753611826,1188.12762801898,NA,NA,NA,NA,NA,NA,NA,NA,NA,NA,NA,NA
"459",33435,1145.66605513026,1145.66132704343,1059.34843707541,1059.34860261228,1151.30276288377,1151.30282789516,1188.12753620988,1188.12762809047,NA,NA,NA,NA,NA,NA,NA,NA,NA,NA,NA,NA
"460",33508,1145.66605517652,1145.66132708232,1059.34843713174,1059.34860265178,1151.30276293081,1151.30282793418,1188.12753629756,1188.12762815885,NA,NA,NA,NA,NA,NA,NA,NA,NA,NA,NA,NA
"461",33581,1145.66605522078,1145.66132711954,1059.34843718564,1059.34860268957,1151.30276297584,1151.30282797152,1188.12753638147,1188.12762822425,NA,NA,NA,NA,NA,NA,NA,NA,NA,NA,NA,NA
"462",33654,1145.66605526314,1145.66132715516,1059.34843723723,1059.34860272575,1151.30276301893,1151.30282800726,1188.12753646177,1188.1276282868,NA,NA,NA,NA,NA,NA,NA,NA,NA,NA,NA,NA
"463",33727,1145.66605530368,1145.66132718924,1059.3484372866,1059.34860276036,1151.30276306016,1151.30282804146,1188.12753653862,1188.12762834663,NA,NA,NA,NA,NA,NA,NA,NA,NA,NA,NA,NA
"464",33800,1145.66605534248,1145.66132722186,1059.34843733384,1059.34860279349,1151.30276309962,1151.30282807419,1188.12753661216,1188.12762840386,NA,NA,NA,NA,NA,NA,NA,NA,NA,NA,NA,NA
"465",33873,1145.6660553796,1145.66132725308,1059.34843737906,1059.34860282519,1151.30276313739,1151.30282810551,1188.12753668254,1188.1276284586,NA,NA,NA,NA,NA,NA,NA,NA,NA,NA,NA,NA
"466",33946,1145.66605541513,1145.66132728295,1059.34843742232,1059.34860285553,1151.30276317352,1151.30282813549,1188.12753674989,1188.12762851095,NA,NA,NA,NA,NA,NA,NA,NA,NA,NA,NA,NA
"467",34019,1145.66605544913,1145.66132731154,1059.34843746373,1059.34860288457,1151.30276320811,1151.30282816418,1188.12753681434,1188.12762856102,NA,NA,NA,NA,NA,NA,NA,NA,NA,NA,NA,NA
"468",34092,1145.66605548167,1145.6613273389,1059.34843750336,1059.34860291235,1151.30276324121,1151.30282819163,1188.12753687603,1188.12762860891,NA,NA,NA,NA,NA,NA,NA,NA,NA,NA,NA,NA
"469",34165,1145.66605551281,1145.66132736508,1059.34843754128,1059.34860293894,1151.30276327288,1151.3028282179,1188.12753693506,1188.12762865472,NA,NA,NA,NA,NA,NA,NA,NA,NA,NA,NA,NA
"470",34238,1145.66605554261,1145.66132739014,1059.34843757757,1059.34860296439,1151.30276330319,1151.30282824304,1188.12753699155,1188.12762869854,NA,NA,NA,NA,NA,NA,NA,NA,NA,NA,NA,NA
"471",34311,1145.66605557113,1145.66132741411,1059.3484376123,1059.34860298874,1151.3027633322,1151.3028282671,1188.12753704561,1188.12762874044,NA,NA,NA,NA,NA,NA,NA,NA,NA,NA,NA,NA
"472",34384,1145.66605559842,1145.66132743706,1059.34843764554,1059.34860301204,1151.30276335996,1151.30282829013,1188.12753709734,1188.12762878053,NA,NA,NA,NA,NA,NA,NA,NA,NA,NA,NA,NA
"473",34457,1145.66605562454,1145.66132745902,1059.34843767734,1059.34860303435,1151.30276338653,1151.30282831216,1188.12753714686,1188.12762881887,NA,NA,NA,NA,NA,NA,NA,NA,NA,NA,NA,NA
"474",34530,1145.66605564954,1145.66132748004,1059.34843770778,1059.34860305569,1151.30276341195,1151.30282833325,1188.12753719424,1188.12762885554,NA,NA,NA,NA,NA,NA,NA,NA,NA,NA,NA,NA
"475",34603,1145.66605567346,1145.66132750015,1059.34843773691,1059.34860307612,1151.30276343628,1151.30282835343,1188.12753723958,1188.12762889061,NA,NA,NA,NA,NA,NA,NA,NA,NA,NA,NA,NA
"476",34676,1145.66605569635,1145.6613275194,1059.34843776479,1059.34860309566,1151.30276345957,1151.30282837274,1188.12753728297,1188.12762892416,NA,NA,NA,NA,NA,NA,NA,NA,NA,NA,NA,NA
"477",34749,1145.66605571826,1145.66132753781,1059.34843779147,1059.34860311437,1151.30276348185,1151.30282839122,1188.1275373245,1188.12762895624,NA,NA,NA,NA,NA,NA,NA,NA,NA,NA,NA,NA
"478",34822,1145.66605573922,1145.66132755544,1059.348437817,1059.34860313227,1151.30276350317,1151.30282840891,1188.12753736424,1188.12762898693,NA,NA,NA,NA,NA,NA,NA,NA,NA,NA,NA,NA
"479",34895,1145.66605575928,1145.66132757231,1059.34843784143,1059.3486031494,1151.30276352358,1151.30282842583,1188.12753740227,1188.12762901629,NA,NA,NA,NA,NA,NA,NA,NA,NA,NA,NA,NA
"480",34968,1145.66605577848,1145.66132758845,1059.34843786481,1059.3486031658,1151.30276354311,1151.30282844203,1188.12753743867,1188.12762904437,NA,NA,NA,NA,NA,NA,NA,NA,NA,NA,NA,NA
"481",35041,1145.66605579686,1145.6613276039,1059.34843788719,1059.34860318149,1151.3027635618,1151.30282845753,1188.1275374735,1188.12762907122,NA,NA,NA,NA,NA,NA,NA,NA,NA,NA,NA,NA
"482",35114,1145.66605581444,1145.66132761869,1059.3484379086,1059.3486031965,1151.30276357968,1151.30282847237,1188.12753750683,1188.12762909691,NA,NA,NA,NA,NA,NA,NA,NA,NA,NA,NA,NA
"483",35187,1145.66605583127,1145.66132763284,1059.3484379291,1059.34860321087,1151.3027635968,1151.30282848657,1188.12753753873,1188.12762912147,NA,NA,NA,NA,NA,NA,NA,NA,NA,NA,NA,NA
"484",35260,1145.66605584737,1145.66132764637,1059.34843794871,1059.34860322462,1151.30276361318,1151.30282850015,1188.12753756926,1188.12762914497,NA,NA,NA,NA,NA,NA,NA,NA,NA,NA,NA,NA
"485",35333,1145.66605586278,1145.66132765933,1059.34843796747,1059.34860323778,1151.30276362886,1151.30282851315,1188.12753759847,1188.12762916745,NA,NA,NA,NA,NA,NA,NA,NA,NA,NA,NA,NA
"486",35406,1145.66605587753,1145.66132767173,1059.34843798544,1059.34860325037,1151.30276364386,1151.3028285256,1188.12753762643,1188.12762918895,NA,NA,NA,NA,NA,NA,NA,NA,NA,NA,NA,NA
"487",35479,1145.66605589165,1145.6613276836,1059.34843800262,1059.34860326243,1151.30276365821,1151.3028285375,1188.12753765318,1188.12762920951,NA,NA,NA,NA,NA,NA,NA,NA,NA,NA,NA,NA
"488",35552,1145.66605590515,1145.66132769496,1059.34843801907,1059.34860327396,1151.30276367195,1151.3028285489,1188.12753767879,1188.12762922918,NA,NA,NA,NA,NA,NA,NA,NA,NA,NA,NA,NA
"489",35625,1145.66605591808,1145.66132770582,1059.34843803481,1059.348603285,1151.3027636851,1151.3028285598,1188.12753770329,1188.12762924799,NA,NA,NA,NA,NA,NA,NA,NA,NA,NA,NA,NA
"490",35698,1145.66605593045,1145.66132771623,1059.34843804988,1059.34860329556,1151.30276369768,1151.30282857024,1188.12753772674,1188.12762926598,NA,NA,NA,NA,NA,NA,NA,NA,NA,NA,NA,NA
"491",35771,1145.66605594229,1145.66132772618,1059.34843806429,1059.34860330567,1151.30276370972,1151.30282858023,1188.12753774918,1188.12762928319,NA,NA,NA,NA,NA,NA,NA,NA,NA,NA,NA,NA
"492",35844,1145.66605595362,1145.6613277357,1059.34843807809,1059.34860331534,1151.30276372125,1151.30282858978,1188.12753777066,1188.12762929965,NA,NA,NA,NA,NA,NA,NA,NA,NA,NA,NA,NA
"493",35917,1145.66605596446,1145.66132774482,1059.34843809129,1059.3486033246,1151.30276373227,1151.30282859893,1188.12753779121,1188.12762931539,NA,NA,NA,NA,NA,NA,NA,NA,NA,NA,NA,NA
"494",35990,1145.66605597483,1145.66132775354,1059.34843810393,1059.34860333346,1151.30276374283,1151.30282860768,1188.12753781088,1188.12762933045,NA,NA,NA,NA,NA,NA,NA,NA,NA,NA,NA,NA
"495",36063,1145.66605598476,1145.66132776189,1059.34843811602,1059.34860334194,1151.30276375293,1151.30282861606,1188.1275378297,1188.12762934486,NA,NA,NA,NA,NA,NA,NA,NA,NA,NA,NA,NA
"496",36136,1145.66605599426,1145.66132776988,1059.34843812759,1059.34860335005,1151.30276376259,1151.30282862408,1188.12753784771,1188.12762935863,NA,NA,NA,NA,NA,NA,NA,NA,NA,NA,NA,NA
"497",36209,1145.66605600336,1145.66132777753,1059.34843813867,1059.34860335782,1151.30276377184,1151.30282863175,1188.12753786495,1188.12762937181,NA,NA,NA,NA,NA,NA,NA,NA,NA,NA,NA,NA
"498",36282,1145.66605601206,1145.66132778484,1059.34843814926,1059.34860336525,1151.30276378069,1151.30282863909,1188.12753788145,1188.12762938441,NA,NA,NA,NA,NA,NA,NA,NA,NA,NA,NA,NA
"499",36355,1145.66605602039,1145.66132779184,1059.34843815941,1059.34860337236,1151.30276378916,1151.30282864612,1188.12753789723,1188.12762939647,NA,NA,NA,NA,NA,NA,NA,NA,NA,NA,NA,NA
"500",36428,1145.66605602836,1145.66132779855,1059.34843816911,1059.34860337916,1151.30276379727,1151.30282865284,1188.12753791234,1188.127629408,NA,NA,NA,NA,NA,NA,NA,NA,NA,NA,NA,NA
