"","days","1","2","3","4","5"
"1",1,0,0,0,0,0
"2",74,0,0,0,0,0
"3",147,0,0,0,0,0
"4",220,0,0,0,0,0
"5",293,0,0,0,0,0
"6",366,1113.366093,639.004033,538.316595,637.901511,669.834461
"7",439,0,0,0,0,0
"8",512,0,0,0,0,0
"9",585,0,0,0,0,0
"10",658,0,0,0,0,0
"11",731,1113.366093,639.004033,538.316595,637.901511,669.834461
"12",804,0,0,0,0,0
"13",877,0,0,0,0,0
"14",950,0,0,0,0,0
"15",1023,0,0,0,0,0
"16",1096,1113.366093,639.004033,538.316595,637.901511,669.834461
"17",1169,0,0,0,0,0
"18",1242,0,0,0,0,0
"19",1315,0,0,0,0,0
"20",1388,0,0,0,0,0
"21",1461,1113.366093,639.004033,538.316595,637.901511,669.834461
"22",1534,0,0,0,0,0
"23",1607,0,0,0,0,0
"24",1680,0,0,0,0,0
"25",1753,0,0,0,0,0
"26",1826,1113.366093,639.004033,538.316595,637.901511,669.834461
"27",1899,0,0,0,0,0
"28",1972,0,0,0,0,0
"29",2045,0,0,0,0,0
"30",2118,0,0,0,0,0
"31",2191,1113.366093,639.004033,538.316595,637.901511,669.834461
"32",2264,0,0,0,0,0
"33",2337,0,0,0,0,0
"34",2410,0,0,0,0,0
"35",2483,0,0,0,0,0
"36",2556,1113.366093,639.004033,538.316595,637.901511,669.834461
"37",2629,0,0,0,0,0
"38",2702,0,0,0,0,0
"39",2775,0,0,0,0,0
"40",2848,0,0,0,0,0
"41",2921,1113.366093,639.004033,538.316595,637.901511,669.834461
"42",2994,0,0,0,0,0
"43",3067,0,0,0,0,0
"44",3140,0,0,0,0,0
"45",3213,0,0,0,0,0
"46",3286,1113.366093,639.004033,538.316595,637.901511,669.834461
"47",3359,0,0,0,0,0
"48",3432,0,0,0,0,0
"49",3505,0,0,0,0,0
"50",3578,0,0,0,0,0
"51",3651,1113.366093,639.004033,538.316595,637.901511,669.834461
"52",3724,0,0,0,0,0
"53",3797,0,0,0,0,0
"54",3870,0,0,0,0,0
"55",3943,0,0,0,0,0
"56",4016,1113.366093,639.004033,538.316595,637.901511,669.834461
"57",4089,0,0,0,0,0
"58",4162,0,0,0,0,0
"59",4235,0,0,0,0,0
"60",4308,0,0,0,0,0
"61",4381,1113.366093,639.004033,538.316595,637.901511,669.834461
"62",4454,0,0,0,0,0
"63",4527,0,0,0,0,0
"64",4600,0,0,0,0,0
"65",4673,0,0,0,0,0
"66",4746,1113.366093,639.004033,538.316595,637.901511,669.834461
"67",4819,0,0,0,0,0
"68",4892,0,0,0,0,0
"69",4965,0,0,0,0,0
"70",5038,0,0,0,0,0
"71",5111,1113.366093,639.004033,538.316595,637.901511,669.834461
"72",5184,0,0,0,0,0
"73",5257,0,0,0,0,0
"74",5330,0,0,0,0,0
"75",5403,0,0,0,0,0
"76",5476,1113.366093,639.004033,538.316595,637.901511,669.834461
"77",5549,0,0,0,0,0
"78",5622,0,0,0,0,0
"79",5695,0,0,0,0,0
"80",5768,0,0,0,0,0
"81",5841,1113.366093,639.004033,538.316595,637.901511,669.834461
"82",5914,0,0,0,0,0
"83",5987,0,0,0,0,0
"84",6060,0,0,0,0,0
"85",6133,0,0,0,0,0
"86",6206,1113.366093,639.004033,538.316595,637.901511,669.834461
"87",6279,0,0,0,0,0
"88",6352,0,0,0,0,0
"89",6425,0,0,0,0,0
"90",6498,0,0,0,0,0
"91",6571,1113.366093,639.004033,538.316595,637.901511,669.834461
"92",6644,0,0,0,0,0
"93",6717,0,0,0,0,0
"94",6790,0,0,0,0,0
"95",6863,0,0,0,0,0
"96",6936,1113.366093,639.004033,538.316595,637.901511,669.834461
"97",7009,0,0,0,0,0
"98",7082,0,0,0,0,0
"99",7155,0,0,0,0,0
"100",7228,0,0,0,0,0
"101",7301,1113.366093,639.004033,538.316595,637.901511,669.834461
"102",7374,0,0,0,0,0
"103",7447,0,0,0,0,0
"104",7520,0,0,0,0,0
"105",7593,0,0,0,0,0
"106",7666,1113.366093,639.004033,538.316595,637.901511,669.834461
"107",7739,0,0,0,0,0
"108",7812,0,0,0,0,0
"109",7885,0,0,0,0,0
"110",7958,0,0,0,0,0
"111",8031,1113.366093,639.004033,538.316595,637.901511,669.834461
"112",8104,0,0,0,0,0
"113",8177,0,0,0,0,0
"114",8250,0,0,0,0,0
"115",8323,0,0,0,0,0
"116",8396,1113.366093,639.004033,538.316595,637.901511,669.834461
"117",8469,0,0,0,0,0
"118",8542,0,0,0,0,0
"119",8615,0,0,0,0,0
"120",8688,0,0,0,0,0
"121",8761,1113.366093,639.004033,538.316595,637.901511,669.834461
"122",8834,0,0,0,0,0
"123",8907,0,0,0,0,0
"124",8980,0,0,0,0,0
"125",9053,0,0,0,0,0
"126",9126,1113.366093,639.004033,538.316595,637.901511,669.834461
"127",9199,0,0,0,0,0
"128",9272,0,0,0,0,0
"129",9345,0,0,0,0,0
"130",9418,0,0,0,0,0
"131",9491,1113.366093,639.004033,538.316595,637.901511,669.834461
"132",9564,0,0,0,0,0
"133",9637,0,0,0,0,0
"134",9710,0,0,0,0,0
"135",9783,0,0,0,0,0
"136",9856,1113.366093,639.004033,538.316595,637.901511,669.834461
"137",9929,0,0,0,0,0
"138",10002,0,0,0,0,0
"139",10075,0,0,0,0,0
"140",10148,0,0,0,0,0
"141",10221,1113.366093,639.004033,538.316595,637.901511,669.834461
"142",10294,0,0,0,0,0
"143",10367,0,0,0,0,0
"144",10440,0,0,0,0,0
"145",10513,0,0,0,0,0
"146",10586,1113.366093,639.004033,538.316595,637.901511,669.834461
"147",10659,0,0,0,0,0
"148",10732,0,0,0,0,0
"149",10805,0,0,0,0,0
"150",10878,0,0,0,0,0
"151",10951,1113.366093,639.004033,538.316595,637.901511,669.834461
"152",11024,0,0,0,0,0
"153",11097,0,0,0,0,0
"154",11170,0,0,0,0,0
"155",11243,0,0,0,0,0
"156",11316,1113.366093,639.004033,538.316595,637.901511,669.834461
"157",11389,0,0,0,0,0
"158",11462,0,0,0,0,0
"159",11535,0,0,0,0,0
"160",11608,0,0,0,0,0
"161",11681,1113.366093,639.004033,538.316595,637.901511,669.834461
"162",11754,0,0,0,0,0
"163",11827,0,0,0,0,0
"164",11900,0,0,0,0,0
"165",11973,0,0,0,0,0
"166",12046,1113.366093,639.004033,538.316595,637.901511,669.834461
"167",12119,0,0,0,0,0
"168",12192,0,0,0,0,0
"169",12265,0,0,0,0,0
"170",12338,0,0,0,0,0
"171",12411,1113.366093,639.004033,538.316595,637.901511,669.834461
"172",12484,0,0,0,0,0
"173",12557,0,0,0,0,0
"174",12630,0,0,0,0,0
"175",12703,0,0,0,0,0
"176",12776,1113.366093,639.004033,538.316595,637.901511,669.834461
"177",12849,0,0,0,0,0
"178",12922,0,0,0,0,0
"179",12995,0,0,0,0,0
"180",13068,0,0,0,0,0
"181",13141,1113.366093,639.004033,538.316595,637.901511,669.834461
"182",13214,0,0,0,0,0
"183",13287,0,0,0,0,0
"184",13360,0,0,0,0,0
"185",13433,0,0,0,0,0
"186",13506,1113.366093,639.004033,538.316595,637.901511,669.834461
"187",13579,0,0,0,0,0
"188",13652,0,0,0,0,0
"189",13725,0,0,0,0,0
"190",13798,0,0,0,0,0
"191",13871,1113.366093,639.004033,538.316595,637.901511,669.834461
"192",13944,0,0,0,0,0
"193",14017,0,0,0,0,0
"194",14090,0,0,0,0,0
"195",14163,0,0,0,0,0
"196",14236,1113.366093,639.004033,538.316595,637.901511,669.834461
"197",14309,0,0,0,0,0
"198",14382,0,0,0,0,0
"199",14455,0,0,0,0,0
"200",14528,0,0,0,0,0
"201",14601,1113.366093,639.004033,538.316595,637.901511,669.834461
"202",14674,0,0,0,0,0
"203",14747,0,0,0,0,0
"204",14820,0,0,0,0,0
"205",14893,0,0,0,0,0
"206",14966,1113.366093,639.004033,538.316595,637.901511,669.834461
"207",15039,0,0,0,0,0
"208",15112,0,0,0,0,0
"209",15185,0,0,0,0,0
"210",15258,0,0,0,0,0
"211",15331,1113.366093,639.004033,538.316595,637.901511,669.834461
"212",15404,0,0,0,0,0
"213",15477,0,0,0,0,0
"214",15550,0,0,0,0,0
"215",15623,0,0,0,0,0
"216",15696,1113.366093,639.004033,538.316595,637.901511,669.834461
"217",15769,0,0,0,0,0
"218",15842,0,0,0,0,0
"219",15915,0,0,0,0,0
"220",15988,0,0,0,0,0
"221",16061,1113.366093,639.004033,538.316595,637.901511,669.834461
"222",16134,0,0,0,0,0
"223",16207,0,0,0,0,0
"224",16280,0,0,0,0,0
"225",16353,0,0,0,0,0
"226",16426,1113.366093,639.004033,538.316595,637.901511,669.834461
"227",16499,0,0,0,0,0
"228",16572,0,0,0,0,0
"229",16645,0,0,0,0,0
"230",16718,0,0,0,0,0
"231",16791,1113.366093,639.004033,538.316595,637.901511,669.834461
"232",16864,0,0,0,0,0
"233",16937,0,0,0,0,0
"234",17010,0,0,0,0,0
"235",17083,0,0,0,0,0
"236",17156,1113.366093,639.004033,538.316595,637.901511,669.834461
"237",17229,0,0,0,0,0
"238",17302,0,0,0,0,0
"239",17375,0,0,0,0,0
"240",17448,0,0,0,0,0
"241",17521,1113.366093,639.004033,538.316595,637.901511,669.834461
"242",17594,0,0,0,0,0
"243",17667,0,0,0,0,0
"244",17740,0,0,0,0,0
"245",17813,0,0,0,0,0
"246",17886,1113.366093,639.004033,538.316595,637.901511,669.834461
"247",17959,0,0,0,0,0
"248",18032,0,0,0,0,0
"249",18105,0,0,0,0,0
"250",18178,0,0,0,0,0
"251",18251,1113.366093,639.004033,538.316595,637.901511,669.834461
"252",18324,0,0,0,0,0
"253",18397,0,0,0,0,0
"254",18470,0,0,0,0,0
"255",18543,0,0,0,0,0
"256",18616,1113.366093,639.004033,538.316595,637.901511,669.834461
"257",18689,0,0,0,0,0
"258",18762,0,0,0,0,0
"259",18835,0,0,0,0,0
"260",18908,0,0,0,0,0
"261",18981,1113.366093,639.004033,538.316595,637.901511,669.834461
"262",19054,0,0,0,0,0
"263",19127,0,0,0,0,0
"264",19200,0,0,0,0,0
"265",19273,0,0,0,0,0
"266",19346,1113.366093,639.004033,538.316595,637.901511,669.834461
"267",19419,0,0,0,0,0
"268",19492,0,0,0,0,0
"269",19565,0,0,0,0,0
"270",19638,0,0,0,0,0
"271",19711,1113.366093,639.004033,538.316595,637.901511,669.834461
"272",19784,0,0,0,0,0
"273",19857,0,0,0,0,0
"274",19930,0,0,0,0,0
"275",20003,0,0,0,0,0
"276",20076,1113.366093,639.004033,538.316595,637.901511,669.834461
"277",20149,0,0,0,0,0
"278",20222,0,0,0,0,0
"279",20295,0,0,0,0,0
"280",20368,0,0,0,0,0
"281",20441,1113.366093,639.004033,538.316595,637.901511,669.834461
"282",20514,0,0,0,0,0
"283",20587,0,0,0,0,0
"284",20660,0,0,0,0,0
"285",20733,0,0,0,0,0
"286",20806,1113.366093,639.004033,538.316595,637.901511,669.834461
"287",20879,0,0,0,0,0
"288",20952,0,0,0,0,0
"289",21025,0,0,0,0,0
"290",21098,0,0,0,0,0
"291",21171,1113.366093,639.004033,538.316595,637.901511,669.834461
"292",21244,0,0,0,0,0
"293",21317,0,0,0,0,0
"294",21390,0,0,0,0,0
"295",21463,0,0,0,0,0
"296",21536,1113.366093,639.004033,538.316595,637.901511,669.834461
"297",21609,0,0,0,0,0
"298",21682,0,0,0,0,0
"299",21755,0,0,0,0,0
"300",21828,0,0,0,0,0
"301",21901,1113.366093,639.004033,538.316595,637.901511,669.834461
"302",21974,0,0,0,0,0
"303",22047,0,0,0,0,0
"304",22120,0,0,0,0,0
"305",22193,0,0,0,0,0
"306",22266,1113.366093,639.004033,538.316595,637.901511,669.834461
"307",22339,0,0,0,0,0
"308",22412,0,0,0,0,0
"309",22485,0,0,0,0,0
"310",22558,0,0,0,0,0
"311",22631,1113.366093,639.004033,538.316595,637.901511,669.834461
"312",22704,0,0,0,0,0
"313",22777,0,0,0,0,0
"314",22850,0,0,0,0,0
"315",22923,0,0,0,0,0
"316",22996,1113.366093,639.004033,538.316595,637.901511,669.834461
"317",23069,0,0,0,0,0
"318",23142,0,0,0,0,0
"319",23215,0,0,0,0,0
"320",23288,0,0,0,0,0
"321",23361,1113.366093,639.004033,538.316595,637.901511,669.834461
"322",23434,0,0,0,0,0
"323",23507,0,0,0,0,0
"324",23580,0,0,0,0,0
"325",23653,0,0,0,0,0
"326",23726,1113.366093,639.004033,538.316595,637.901511,669.834461
"327",23799,0,0,0,0,0
"328",23872,0,0,0,0,0
"329",23945,0,0,0,0,0
"330",24018,0,0,0,0,0
"331",24091,1113.366093,639.004033,538.316595,637.901511,669.834461
"332",24164,0,0,0,0,0
"333",24237,0,0,0,0,0
"334",24310,0,0,0,0,0
"335",24383,0,0,0,0,0
"336",24456,1113.366093,639.004033,538.316595,637.901511,669.834461
"337",24529,0,0,0,0,0
"338",24602,0,0,0,0,0
"339",24675,0,0,0,0,0
"340",24748,0,0,0,0,0
"341",24821,1113.366093,639.004033,538.316595,637.901511,669.834461
"342",24894,0,0,0,0,0
"343",24967,0,0,0,0,0
"344",25040,0,0,0,0,0
"345",25113,0,0,0,0,0
"346",25186,1113.366093,639.004033,538.316595,637.901511,669.834461
"347",25259,0,0,0,0,0
"348",25332,0,0,0,0,0
"349",25405,0,0,0,0,0
"350",25478,0,0,0,0,0
"351",25551,1113.366093,639.004033,538.316595,637.901511,669.834461
"352",25624,0,0,0,0,0
"353",25697,0,0,0,0,0
"354",25770,0,0,0,0,0
"355",25843,0,0,0,0,0
"356",25916,1113.366093,639.004033,538.316595,637.901511,669.834461
"357",25989,0,0,0,0,0
"358",26062,0,0,0,0,0
"359",26135,0,0,0,0,0
"360",26208,0,0,0,0,0
"361",26281,1113.366093,639.004033,538.316595,637.901511,669.834461
"362",26354,0,0,0,0,0
"363",26427,0,0,0,0,0
"364",26500,0,0,0,0,0
"365",26573,0,0,0,0,0
"366",26646,1113.366093,639.004033,538.316595,637.901511,669.834461
"367",26719,0,0,0,0,0
"368",26792,0,0,0,0,0
"369",26865,0,0,0,0,0
"370",26938,0,0,0,0,0
"371",27011,1113.366093,639.004033,538.316595,637.901511,669.834461
"372",27084,0,0,0,0,0
"373",27157,0,0,0,0,0
"374",27230,0,0,0,0,0
"375",27303,0,0,0,0,0
"376",27376,1113.366093,639.004033,538.316595,637.901511,669.834461
"377",27449,0,0,0,0,0
"378",27522,0,0,0,0,0
"379",27595,0,0,0,0,0
"380",27668,0,0,0,0,0
"381",27741,1113.366093,639.004033,538.316595,637.901511,669.834461
"382",27814,0,0,0,0,0
"383",27887,0,0,0,0,0
"384",27960,0,0,0,0,0
"385",28033,0,0,0,0,0
"386",28106,1113.366093,639.004033,538.316595,637.901511,669.834461
"387",28179,0,0,0,0,0
"388",28252,0,0,0,0,0
"389",28325,0,0,0,0,0
"390",28398,0,0,0,0,0
"391",28471,1113.366093,639.004033,538.316595,637.901511,669.834461
"392",28544,0,0,0,0,0
"393",28617,0,0,0,0,0
"394",28690,0,0,0,0,0
"395",28763,0,0,0,0,0
"396",28836,1113.366093,639.004033,538.316595,637.901511,669.834461
"397",28909,0,0,0,0,0
"398",28982,0,0,0,0,0
"399",29055,0,0,0,0,0
"400",29128,0,0,0,0,0
"401",29201,1113.366093,639.004033,538.316595,637.901511,669.834461
"402",29274,0,0,0,0,0
"403",29347,0,0,0,0,0
"404",29420,0,0,0,0,0
"405",29493,0,0,0,0,0
"406",29566,1113.366093,639.004033,538.316595,637.901511,669.834461
"407",29639,0,0,0,0,0
"408",29712,0,0,0,0,0
"409",29785,0,0,0,0,0
"410",29858,0,0,0,0,0
"411",29931,1113.366093,639.004033,538.316595,637.901511,669.834461
"412",30004,0,0,0,0,0
"413",30077,0,0,0,0,0
"414",30150,0,0,0,0,0
"415",30223,0,0,0,0,0
"416",30296,1113.366093,639.004033,538.316595,637.901511,669.834461
"417",30369,0,0,0,0,0
"418",30442,0,0,0,0,0
"419",30515,0,0,0,0,0
"420",30588,0,0,0,0,0
"421",30661,1113.366093,639.004033,538.316595,637.901511,669.834461
"422",30734,0,0,0,0,0
"423",30807,0,0,0,0,0
"424",30880,0,0,0,0,0
"425",30953,0,0,0,0,0
"426",31026,1113.366093,639.004033,538.316595,637.901511,669.834461
"427",31099,0,0,0,0,0
"428",31172,0,0,0,0,0
"429",31245,0,0,0,0,0
"430",31318,0,0,0,0,0
"431",31391,1113.366093,639.004033,538.316595,637.901511,669.834461
"432",31464,0,0,0,0,0
"433",31537,0,0,0,0,0
"434",31610,0,0,0,0,0
"435",31683,0,0,0,0,0
"436",31756,1113.366093,639.004033,538.316595,637.901511,669.834461
"437",31829,0,0,0,0,0
"438",31902,0,0,0,0,0
"439",31975,0,0,0,0,0
"440",32048,0,0,0,0,0
"441",32121,1113.366093,639.004033,538.316595,637.901511,669.834461
"442",32194,0,0,0,0,0
"443",32267,0,0,0,0,0
"444",32340,0,0,0,0,0
"445",32413,0,0,0,0,0
"446",32486,1113.366093,639.004033,538.316595,637.901511,669.834461
"447",32559,0,0,0,0,0
"448",32632,0,0,0,0,0
"449",32705,0,0,0,0,0
"450",32778,0,0,0,0,0
"451",32851,1113.366093,639.004033,538.316595,637.901511,669.834461
"452",32924,0,0,0,0,0
"453",32997,0,0,0,0,0
"454",33070,0,0,0,0,0
"455",33143,0,0,0,0,0
"456",33216,1113.366093,639.004033,538.316595,637.901511,669.834461
"457",33289,0,0,0,0,0
"458",33362,0,0,0,0,0
"459",33435,0,0,0,0,0
"460",33508,0,0,0,0,0
"461",33581,1113.366093,639.004033,538.316595,637.901511,669.834461
"462",33654,0,0,0,0,0
"463",33727,0,0,0,0,0
"464",33800,0,0,0,0,0
"465",33873,0,0,0,0,0
"466",33946,1113.366093,639.004033,538.316595,637.901511,669.834461
"467",34019,0,0,0,0,0
"468",34092,0,0,0,0,0
"469",34165,0,0,0,0,0
"470",34238,0,0,0,0,0
"471",34311,1113.366093,639.004033,538.316595,637.901511,669.834461
"472",34384,0,0,0,0,0
"473",34457,0,0,0,0,0
"474",34530,0,0,0,0,0
"475",34603,0,0,0,0,0
"476",34676,1113.366093,639.004033,538.316595,637.901511,669.834461
"477",34749,0,0,0,0,0
"478",34822,0,0,0,0,0
"479",34895,0,0,0,0,0
"480",34968,0,0,0,0,0
"481",35041,1113.366093,639.004033,538.316595,637.901511,669.834461
"482",35114,0,0,0,0,0
"483",35187,0,0,0,0,0
"484",35260,0,0,0,0,0
"485",35333,0,0,0,0,0
"486",35406,1113.366093,639.004033,538.316595,637.901511,669.834461
"487",35479,0,0,0,0,0
"488",35552,0,0,0,0,0
"489",35625,0,0,0,0,0
"490",35698,0,0,0,0,0
"491",35771,1113.366093,639.004033,538.316595,637.901511,669.834461
"492",35844,0,0,0,0,0
"493",35917,0,0,0,0,0
"494",35990,0,0,0,0,0
"495",36063,0,0,0,0,0
"496",36136,1113.366093,639.004033,538.316595,637.901511,669.834461
"497",36209,0,0,0,0,0
"498",36282,0,0,0,0,0
"499",36355,0,0,0,0,0
"500",36428,0,0,0,0,0
